
CREATE TABLE series(
	id int,
	name TEXT,
	seriesstart TIMESTAMP,
	seriesend TIMESTAMP
);
INSERT INTO "series" VALUES(1,'2013 Club TT Series','01/01/2013 00:00','31/12/2013 23:59');
INSERT INTO "series" VALUES(2,'2014 Club TT Series','01/01/2014 00:00','31/12/2014 23:59');
INSERT INTO "series" VALUES(3,'2015 Club TT Series','01/01/2015 00:00','31/12/2015 23:59');
INSERT INTO "series" VALUES(4,'2016 Club TT Series','01/01/2016 00:00','31/12/2016 23:59');
CREATE TABLE course(
	id INT, 
	name TEXT, 
	coursecode TEXT,
	coursemapurl TEXT,
	coursenotes TEXT,
	distance NUMERIC(8,4));
INSERT INTO "course" VALUES(1,'Sleeches Cross/Mayfield','GS878','','Start on A267 by junction with B2099 to Wadhurst. Ride Southbound on A267 to U-turn at Mayfield roundabout, returning Northbound to finish opposite layby midway between Mark Cross and Frant',0);
INSERT INTO "course" VALUES(2,'Ladies Mile','GS868','http://ridewithgps.com/routes/3415163','Three laps of this circuit - start by junction of B2110 and B2188 South of Groombridge. Head Westbound on B2110 taking sharp left turn onto Ladies Mile, then at junction with B2188 turn left and return Northbound to start location at left turn onto B2110. Repeat 3 times, but on 3rd lap finish short before the climb under railway bridge on B2188.',11.72);
INSERT INTO "course" VALUES(3,'Sleeches Cross/Mark Cross/Wadhurst','GS879','http://ridewithgps.com/routes/3415246','Start on A267 by junction with B2099 to Wadhurst. Ride Southbound on A267 to Mark Cross, taking first left turn onto B2100 to Wadhurst. At T-junction in Wadhurst, turn left onto B2099 down past Wadhurst railway station and back up the climb to the A267 start location. Turn left at the T-junction to continue Southbound on A267 finishing in dip by layby midway between Frant and Mark Cross.',11.5);
INSERT INTO "course" VALUES(4,'Ashdown Forest','GS898','http://ridewithgps.com/routes/3415220','Start on B2026 at Southern end of Hartfield. Head South up Jib Jacks Hill and Chuck Hatch to sharp left turn onto B2188 by King''s Standing car park. Head Northbound on B2188 down long undulating descent, under railway bridge and up short climb to junction with B2110 South of Groombridge. Turn left onto B2110 and ride Westbound to finish on sharp right bend at Eastern edge of Hartfield village.',12.31);
INSERT INTO "course" VALUES(5,'Hartfield/Wych Cross/Groombridge','GS899','','Start on B2110 at Southern end of Hartfield. Head South West on B2110 for 1.8 miles turning left into Coach Road, then continue onto Colemans Hatch Road up long climb to traffic lights at junction with A22 by Wych Cross Garden Centre. Turn left onto A22 (at Green light) and continue South East through Nutley village to roundabout, taking left exit off A22, followed by immediate left turn onto B2026. Ride Northbound up the B2026 to the right turn onto B2188 by King''s Standing car park. Head Northbound on B2188 down long undulating descent, under railway bridge and up short climb to junction with B2110 South of Groombridge. Turn left onto B2110 and ride Westbound to finish on sharp right bend at Eastern edge of Hartfield village.',21.69);
INSERT INTO "course" VALUES(6,'Polhill','Q10/18','','Start on A224 just after left junction with Otford Lane. Ride North to roundabout, taking 3rd exit to continue North on A224 to major roundabout and junction with A21. Take 2nd exit to ride West on A21 dual carriageway then take sharp left turn into London Road Eastbound past Knockholt railway station. At roundabout, take first exit to repeat a lap of the A224, A21 roundabout left turn and sharp left turn into London Road Eastbound past Knockholt railway station. At roundabout, this time take 3rd exit onto Southbound A224 passing the start location and continue down Polhill to roundabout. Take 1st exit left, crossing bridge over M25 motorway. Ride South East, then take 1st left into London Road by Rose & Crown pub, and continue Northbound up London Road to finish.',10.0);
INSERT INTO "course" VALUES(7,'Tonbridge Bypass','Q10/19','','Start opposite the ''Boot Sale'' field, down the slip road onto Northbound A21 dual carriageway to Sevenoaks (A225) exit, around roundabout and return South down slip road onto A21 to finish before Tonbridge/Tunbridge Wells exit.Cycling Time Trials (CTT) has made hard shell helmets and working rear lights MANDATORY for ALL events on the Tonbridge Bypass (Q10/19) in 2013 and beyond.',10.0);
INSERT INTO "course" VALUES(8,'East Peckham','Q10/29','','Start by entrance to Whetsted Farm just North of Whetsted Rd on A228. Northbound to U-turn at B2015 roundabout, then South to U-turn at Hop Farm roundabout, return Northbound to second U-turn at B2015 roundabout before finally heading Southbound to finish opposite start at Whetstead Farm.',10.0);
INSERT INTO "course" VALUES(9,'Winchet Hill','Q10/41','','',10.0);
INSERT INTO "course" VALUES(10,'Leigh Loop TT (Boxing Day TT course)','','http://ridewithgps.com/routes/3783059','Time trial course of 4.2 miles used for the annual Southborough Boxing Day TT (2 laps). If you''d like to work off some Christmas turkey or make room for more festive food and drink the Leigh Loop TT on Boxing Day is just for you. The course start is in Powder Mill Lane, to the west of the A21 viaduct. Riders complete 2 circuits of the 4.2 mile course. Entry fee is one small wrapped Christmas present which is drawn on a lucky dip basis afterwards. Many of the riders then adjourn to the Plough Public House for a well earned drink and a chat and hopefully a log fire.',8.4);
INSERT INTO "course" VALUES(11,'Kidds Hill','GH81','','',0.91);
CREATE TABLE event(
	id INT, 
	seriesid INT,
	name TEXT,            
	eventdate TIMESTAMP, 
	courseid int,
	eventurl TEXT,        
	maxentries INT,       
	eventoutcome TEXT,    
	notes TEXT, 
	countsforpb BOOLEAN );
INSERT INTO "event" VALUES(1,3,'2Up','2015-03-15 09:00:00',1,'',30,'FIN','','N');
INSERT INTO "event" VALUES(2,3,'','2015-03-22 08:30:00',2,'',30,'FIN','','Y');
INSERT INTO "event" VALUES(3,3,'','2015-04-16 18:30:00',3,'',30,'FIN','','Y');
INSERT INTO "event" VALUES(4,3,'','2015-04-23 18:45:00',2,'',30,'FIN','','Y');
INSERT INTO "event" VALUES(5,3,'','2015-04-30 19:00:00',1,'',30,'FIN','','Y');
INSERT INTO "event" VALUES(6,3,'','2015-05-07 19:00:00',4,'',30,'FIN','','Y');
INSERT INTO "event" VALUES(7,3,'','2015-05-14 19:00:00',1,'',30,'FIN','','Y');
INSERT INTO "event" VALUES(8,3,'Come and Try It','2015-05-21 19:00:00',2,'',40,'FIN','','Y');
INSERT INTO "event" VALUES(9,3,'','2015-05-28 19:00:00',5,'',30,'FIN','','Y');
INSERT INTO "event" VALUES(10,3,'','2015-06-02 19:30:00',8,'',30,'FIN','','Y');
INSERT INTO "event" VALUES(11,3,'','2015-06-09 19:30:00',6,'',30,'FIN','','Y');
INSERT INTO "event" VALUES(12,3,'','2015-06-16 19:30:00',8,'',30,'FIN','','Y');
INSERT INTO "event" VALUES(13,3,'','2015-06-23 19:00:00',9,'',30,'FIN','','Y');
INSERT INTO "event" VALUES(14,3,'','2015-06-30 19:00:00',8,'',30,'FIN','','Y');
INSERT INTO "event" VALUES(15,3,'','2015-07-07 19:30:00',6,'',30,'FIN','','Y');
INSERT INTO "event" VALUES(16,3,'','2015-07-11 07:00:00',8,'',30,'FIN','','Y');
INSERT INTO "event" VALUES(17,3,'','2015-07-16 19:00:00',1,'',30,'FIN','','Y');
INSERT INTO "event" VALUES(18,3,'Come and Try It','2015-07-23 19:00:00',2,'',40,'FIN','','Y');
INSERT INTO "event" VALUES(19,3,'','2015-07-30 19:00:00',4,'',30,'FIN','','Y');
INSERT INTO "event" VALUES(20,3,'','2015-08-06 19:00:00',3,'',30,'FIN','','Y');
INSERT INTO "event" VALUES(21,3,'Come and Try It','2015-08-13 19:00:00',2,'',30,'FIN','','Y');
INSERT INTO "event" VALUES(22,3,'','2015-09-05 07:00:00',8,'',30,'FIN','','Y');
INSERT INTO "event" VALUES(23,3,'','2015-09-12 07:00:00',7,'',30,'FIN','','Y');
INSERT INTO "event" VALUES(24,3,'','2015-09-19 07:00:00',7,'',30,'FIN','','Y');
INSERT INTO "event" VALUES(25,3,'Club Hill Climb','2015-09-27 10:00:00',10,'',30,'FIN','','Y');
INSERT INTO "event" VALUES(26,3,'Boxing Day TT','2015-12-26 10:00:00',11,'',30,'FIN','','Y');
INSERT INTO "event" VALUES(27,4,'2 Up TT','2016-03-13 09:00:00',1,'',30,'FIN','','Y');
INSERT INTO "event" VALUES(28,4,'Come and Try It','2016-03-20 08:30:00',2,'',30,'FIN','','Y');
INSERT INTO "event" VALUES(29,4,'','2016-04-14 18:30:00',3,'',30,'FIN','','Y');
INSERT INTO "event" VALUES(30,4,'Come and Try It','2016-04-21 18:45:00',2,'',30,'FIN','','Y');
INSERT INTO "event" VALUES(31,4,'','2016-04-28 19:00:00',1,'',30,'FIN','','Y');
INSERT INTO "event" VALUES(32,4,'','2016-05-05 19:00:00',4,'',30,'FIN','','Y');
INSERT INTO "event" VALUES(33,4,'','2016-05-12 19:00:00',1,'',30,'FIN','','Y');
INSERT INTO "event" VALUES(34,4,'Come and Try It','2016-05-19 19:00:00',2,'',30,'FIN','','Y');
INSERT INTO "event" VALUES(35,4,'','2016-05-26 19:00:00',5,'',30,'FIN','','Y');
INSERT INTO "event" VALUES(36,4,'','2016-05-31 19:30:00',8,'',30,'FIN','','Y');
INSERT INTO "event" VALUES(37,4,'','2016-06-07 19:30:00',6,'',30,'FIN','','Y');
INSERT INTO "event" VALUES(38,4,'Interclub /w VO2','2016-06-14 19:30:00',8,'',30,'FIN','','Y');
INSERT INTO "event" VALUES(39,4,'','2016-06-21 19:30:00',9,'',30,'FIN','','Y');
INSERT INTO "event" VALUES(40,4,'','2016-06-28 19:30:00',8,'',30,'FIN','','Y');
INSERT INTO "event" VALUES(41,4,'Interclub /w VO2','2016-07-05 19:30:00',6,'',30,'FIN','','Y');
INSERT INTO "event" VALUES(42,4,'','2016-07-09 07:00:00',8,'',30,'FIN','','Y');
INSERT INTO "event" VALUES(43,4,'','2016-07-14 19:00:00',1,'',30,'FIN','','Y');
INSERT INTO "event" VALUES(44,4,'','2016-07-21 19:00:00',2,'',30,'FIN','','Y');
INSERT INTO "event" VALUES(45,4,'','2016-07-28 19:00:00',4,'',30,'FIN','','Y');
INSERT INTO "event" VALUES(46,4,'','2016-08-04 19:00:00',3,'',30,'FIN','','Y');
INSERT INTO "event" VALUES(47,4,'Come and Try It','2016-08-11 19:00:00',2,'',30,'FIN','Road Bikes Only','Y');
INSERT INTO "event" VALUES(48,4,'','2016-09-03 07:00:00',8,'',30,'FIN','','Y');
INSERT INTO "event" VALUES(49,4,'','2016-09-10 07:15:00',7,'',30,'FIN','','Y');
INSERT INTO "event" VALUES(50,4,'','2016-09-17 07:15:00',7,'',30,'FIN','','Y');
INSERT INTO "event" VALUES(51,4,'','2016-09-25 10:00:00',11,'',30,'FIN','','Y');
INSERT INTO "event" VALUES(52,4,'','2016-12-26 10:00:00',10,'',30,'FIN','','Y');
CREATE TABLE "user"(
	id INT,
	username TEXT,
	firstname TEXT,
	lastname TEXT,
	capacity TEXT);
INSERT INTO "user" VALUES(1,'Paul Greer','Paul','Greer','CM');
INSERT INTO "user" VALUES(2,'David Pettitt','David ','Pettitt','CM');
INSERT INTO "user" VALUES(3,'Matt Kuwertz','Matt','Kuwertz','CM');
INSERT INTO "user" VALUES(4,'Ryan Kuwertz','Ryan ','Kuwertz','CM');
INSERT INTO "user" VALUES(5,'Ian Hodge','Ian ','Hodge','CM');
INSERT INTO "user" VALUES(6,'Neil Couchman','Neil','Couchman','CM');
INSERT INTO "user" VALUES(7,'Keith Henderson','Keith','Henderson','CM');
INSERT INTO "user" VALUES(8,'Gary Sinclair','Gary','Sinclair','CM');
INSERT INTO "user" VALUES(9,'Scott Sargeant','Scott ','Sargeant','CM');
INSERT INTO "user" VALUES(10,'Rory Barrett','Rory ','Barret','CM');
INSERT INTO "user" VALUES(11,'Mike Saadat','Mike ','Sadaat','CM');
INSERT INTO "user" VALUES(12,'Ian Turner','Ian ','Turner','CM');
INSERT INTO "user" VALUES(13,'Pip Jenkins','Pip','Jenkins','CM');
INSERT INTO "user" VALUES(14,'Paul Hiscock','Paul','Hiscock','CM');
INSERT INTO "user" VALUES(15,'Tim Christian','Tim','Christian','CM');
INSERT INTO "user" VALUES(16,'Charles Dennison','Charles','Dennison','CM');
INSERT INTO "user" VALUES(17,'Nigel Smith','Nigel ','Smith','CM');
INSERT INTO "user" VALUES(18,'Martin Yardley','Martin ','Yardley','CM');
INSERT INTO "user" VALUES(19,'Rob Stephenson','Rob','Stephenson','CM');
INSERT INTO "user" VALUES(20,'Chris Wolton','Chris ','Wolton','CM');
INSERT INTO "user" VALUES(21,'Andy Morley','Andy ','Morley','CM');
INSERT INTO "user" VALUES(22,'Andrew Booty','Andrew','Booty','CM');
INSERT INTO "user" VALUES(23,'Callum Clark','Callum','Clark','CM');
INSERT INTO "user" VALUES(24,'Julia Hawksworth','Julia','Hawksworth','CM');
INSERT INTO "user" VALUES(25,'Colin Jarman','Colin','Jarman','CM');
INSERT INTO "user" VALUES(26,'Dan Simms','Dan','Simms','CM');
INSERT INTO "user" VALUES(27,'Alexis Couchman','Alexis','Couchman','CM');
INSERT INTO "user" VALUES(28,'David Rumm','David ','Rumm','CM');
INSERT INTO "user" VALUES(29,'Dave Stocker','Dave','Stocker','CM');
INSERT INTO "user" VALUES(30,'Jeremy Woodruff','Jeremy','Woodruff','CM');
INSERT INTO "user" VALUES(31,'Martin Dernham','Martin ','Dernham','CM');
INSERT INTO "user" VALUES(32,'Peter Faro','Peter','Faro','M');
INSERT INTO "user" VALUES(33,'Peter Watson','Peter ','Watson','TM');
INSERT INTO "user" VALUES(34,'Jo Watson','Jo','Watson','M');
INSERT INTO "user" VALUES(35,'Doug Finch','Doug','Finch','T');
INSERT INTO "user" VALUES(36,'David Watson','David ','Watson','T');
INSERT INTO "user" VALUES(37,'Laura Finch','Laura','Finch','M');
CREATE TABLE entry(
	id INT, 
	eventid INT, 
	userid INT,
	signondate TIMESTAMP, 
	signonmethod TEXT, 
	handicap INT, 
	startno INT,
	time INT,
	status TEXT,
    scrpts INT,
    hcppts INT,
	scrpos INT,
	hcppos INT
	);
INSERT INTO "entry" VALUES(1,1,3,'2015-03-12 23:21:43','Web',180,1,1587,'FIN',20,20,1,1);
INSERT INTO "entry" VALUES(2,1,21,'2015-03-09 04:16:59','Web',270,2,1732,'FIN',17,19,4,2);
INSERT INTO "entry" VALUES(3,1,11,'2015-03-14 02:11:14','Web',0,3,1706,'FIN',18,17,3,4);
INSERT INTO "entry" VALUES(4,1,22,'2015-03-11 01:06:29','Web',0,4,1681,'FIN',19,18,2,3);
INSERT INTO "entry" VALUES(5,2,29,'2015-03-21 18:51:18','Web',120,1,1809,'FIN',14,13,7,8);
INSERT INTO "entry" VALUES(6,2,30,'2015-03-18 16:46:49','Web',180,2,1781,'FIN',16,17,5,4);
INSERT INTO "entry" VALUES(7,2,21,'2015-03-22 15:40:04','Web',180,3,1941,'FIN',3,7,18,14);
INSERT INTO "entry" VALUES(8,2,22,'2015-03-21 01:32:32','Web',0,4,1708,'FIN',20,11,1,10);
INSERT INTO "entry" VALUES(9,2,12,'2015-03-18 23:27:47','Web',60,5,1936,'FIN',4,4,17,17);
INSERT INTO "entry" VALUES(10,2,18,'2015-03-16 22:21:03','Web',60,6,0,'DNS',0,0,0,0);
INSERT INTO "entry" VALUES(11,2,1,'2015-03-17 12:50:07','Web',60,7,0,'DNS',0,0,0,0);
INSERT INTO "entry" VALUES(12,2,20,'2015-03-18 22:50:24','Web',120,8,1850,'FIN',9,10,12,11);
INSERT INTO "entry" VALUES(13,2,13,'2015-03-20 12:07:02','Web',0,9,1916,'FIN',6,3,15,18);
INSERT INTO "entry" VALUES(14,2,14,'2015-03-22 02:24:55','Web',300,10,1725,'FIN',18,20,3,1);
INSERT INTO "entry" VALUES(15,2,16,'2015-03-22 09:57:32','Web',150,11,1791,'FIN',15,15,6,6);
INSERT INTO "entry" VALUES(16,2,26,'2015-03-18 05:30:42','Web',90,12,0,'DNS',0,0,0,0);
INSERT INTO "entry" VALUES(17,2,31,'2015-03-15 02:38:48','Web',0,13,1852,'FIN',8,5,13,16);
INSERT INTO "entry" VALUES(18,2,4,'2015-03-15 09:36:22','Web',90,14,1836,'FIN',10,8,11,13);
INSERT INTO "entry" VALUES(19,2,19,'2015-03-22 15:50:57','Web',270,15,1821,'FIN',12,18,9,3);
INSERT INTO "entry" VALUES(20,2,3,'2015-03-21 21:04:31','Web',30,16,1874,'FIN',7,6,14,15);
INSERT INTO "entry" VALUES(21,2,7,'2015-03-21 03:18:05','Web',240,17,0,'DNF',0,0,0,0);
INSERT INTO "entry" VALUES(22,2,28,'2015-03-21 21:36:28','Web',180,18,1815,'FIN',13,16,8,5);
INSERT INTO "entry" VALUES(23,2,23,'2015-03-20 19:51:42','Web',30,19,1712,'FIN',19,14,2,7);
INSERT INTO "entry" VALUES(24,2,6,'2015-03-22 17:07:55','Web',240,20,1934,'FIN',5,12,16,9);
INSERT INTO "entry" VALUES(25,2,15,'2015-03-22 15:22:53','Web',90,21,1831,'FIN',11,9,10,12);
INSERT INTO "entry" VALUES(26,2,8,'2015-03-21 13:37:07','Web',300,22,1728,'FIN',17,19,4,2);
INSERT INTO "entry" VALUES(27,3,7,'2015-04-03 12:54:27','Web',150,1,1513,'FIN',10,9,11,12);
INSERT INTO "entry" VALUES(28,3,30,'2015-04-08 10:09:40','Web',30,2,0,'DNF',0,0,0,0);
INSERT INTO "entry" VALUES(29,3,4,'2015-03-29 14:20:24','Web',300,3,0,'DNF',0,0,0,0);
INSERT INTO "entry" VALUES(30,3,8,'2015-04-04 20:48:15','Web',180,4,1623,'FIN',3,6,18,15);
INSERT INTO "entry" VALUES(31,3,31,'2015-03-25 11:45:09','Web',300,5,1525,'FIN',9,17,12,4);
INSERT INTO "entry" VALUES(32,3,9,'2015-03-29 07:57:20','Web',120,6,1428,'FIN',19,12,2,9);
INSERT INTO "entry" VALUES(33,3,12,'2015-03-26 04:09:15','Web',240,7,1546,'FIN',7,13,14,8);
INSERT INTO "entry" VALUES(34,3,14,'2015-04-12 19:06:10','Web',60,8,1606,'FIN',4,4,17,17);
INSERT INTO "entry" VALUES(35,3,10,'2015-04-09 09:02:05','Web',120,9,1509,'FIN',11,8,10,13);
INSERT INTO "entry" VALUES(36,3,17,'2015-03-30 23:14:44','Web',240,10,1570,'FIN',5,10,16,11);
INSERT INTO "entry" VALUES(37,3,24,'2015-03-27 14:11:39','Web',300,11,1472,'FIN',15,20,6,1);
INSERT INTO "entry" VALUES(38,3,23,'2015-03-24 10:07:34','Web',60,12,1533,'FIN',8,5,13,16);
INSERT INTO "entry" VALUES(39,3,29,'2015-04-09 01:20:28','Web',150,13,1436,'FIN',18,15,3,6);
INSERT INTO "entry" VALUES(40,3,18,'2015-04-06 15:16:23','Web',240,14,1496,'FIN',12,16,9,5);
INSERT INTO "entry" VALUES(41,3,27,'2015-04-02 10:25:30','Web',60,15,0,'DNS',0,0,0,0);
INSERT INTO "entry" VALUES(42,3,21,'2015-04-03 19:19:18','Web',180,16,1495,'FIN',13,11,8,10);
INSERT INTO "entry" VALUES(43,3,5,'2015-04-11 08:57:54','Web',150,17,0,'DNS',0,0,0,0);
INSERT INTO "entry" VALUES(44,3,26,'2015-04-10 13:22:38','Web',270,18,1481,'FIN',14,19,7,2);
INSERT INTO "entry" VALUES(45,3,1,'2015-03-28 18:56:11','Web',240,19,1463,'FIN',16,18,5,3);
INSERT INTO "entry" VALUES(46,3,16,'2015-04-04 17:31:28','Web',90,20,0,'DNF',0,0,0,0);
INSERT INTO "entry" VALUES(47,3,2,'2015-03-24 18:58:05','Web',0,21,1552,'FIN',6,3,15,18);
INSERT INTO "entry" VALUES(48,3,15,'2015-03-28 07:28:55','Web',150,22,1439,'FIN',17,14,4,7);
INSERT INTO "entry" VALUES(49,3,6,'2015-03-26 13:42:30','Web',30,23,1426,'FIN',20,7,1,14);
INSERT INTO "entry" VALUES(50,3,13,'2015-03-24 19:40:48','Web',90,24,0,'DNF',0,0,0,0);
INSERT INTO "entry" VALUES(51,4,29,'2015-04-21 01:04:15','Web',120,1,0,'DNS',0,0,0,0);
INSERT INTO "entry" VALUES(52,4,28,'2015-04-23 05:34:57','Web',90,2,1868,'FIN',14,16,7,5);
INSERT INTO "entry" VALUES(53,4,1,'2015-04-22 19:46:52','Web',150,3,1751,'FIN',19,19,2,2);
INSERT INTO "entry" VALUES(54,4,19,'2015-04-19 09:43:47','Web',270,4,1824,'FIN',18,20,3,1);
INSERT INTO "entry" VALUES(55,4,24,'2015-04-18 00:39:42','Web',30,5,1707,'FIN',20,18,1,3);
INSERT INTO "entry" VALUES(56,4,10,'2015-04-19 19:04:49','Web',150,6,1832,'FIN',17,17,4,4);
INSERT INTO "entry" VALUES(57,4,25,'2015-04-16 16:00:44','Web',270,7,0,'DNS',0,0,0,0);
INSERT INTO "entry" VALUES(58,4,20,'2015-04-22 00:55:16','Web',60,8,1846,'FIN',15,15,6,6);
INSERT INTO "entry" VALUES(59,4,26,'2015-04-19 07:32:52','Web',30,9,1837,'FIN',16,14,5,7);
INSERT INTO "entry" VALUES(60,4,23,'2015-04-23 20:26:28','Web',0,10,1897,'FIN',13,13,8,8);
INSERT INTO "entry" VALUES(61,4,18,'2015-04-20 03:19:20','Web',90,11,0,'DNS',0,0,0,0);
INSERT INTO "entry" VALUES(62,5,12,'2015-04-28 20:58:54','Web',30,1,1747,'FIN',5,4,16,17);
INSERT INTO "entry" VALUES(63,5,1,'2015-04-30 02:33:27','Web',0,2,0,'DNF',0,0,0,0);
INSERT INTO "entry" VALUES(64,5,15,'2015-04-29 04:19:07','Web',240,3,0,'DNF',0,0,0,0);
INSERT INTO "entry" VALUES(65,5,17,'2015-04-27 17:25:33','Web',180,4,1661,'FIN',12,12,9,9);
INSERT INTO "entry" VALUES(66,5,9,'2015-04-29 15:40:31','Web',0,5,1568,'FIN',18,6,3,15);
INSERT INTO "entry" VALUES(67,5,27,'2015-04-29 13:56:45','Web',150,6,1706,'FIN',8,9,13,12);
INSERT INTO "entry" VALUES(68,5,21,'2015-04-28 11:27:59','Web',30,7,0,'DNS',0,0,0,0);
INSERT INTO "entry" VALUES(69,5,29,'2015-04-24 12:06:34','Web',300,8,1745,'FIN',6,15,15,6);
INSERT INTO "entry" VALUES(70,5,28,'2015-04-29 02:03:29','Web',30,9,0,'DNS',0,0,0,0);
INSERT INTO "entry" VALUES(71,5,20,'2015-04-26 10:38:58','Web',300,10,1684,'FIN',9,17,12,4);
INSERT INTO "entry" VALUES(72,5,3,'2015-04-23 16:16:34','Web',30,11,0,'DNS',0,0,0,0);
INSERT INTO "entry" VALUES(73,5,11,'2015-04-28 20:38:15','Web',30,12,1596,'FIN',16,7,5,14);
INSERT INTO "entry" VALUES(74,5,30,'2015-04-30 19:57:32','Web',0,13,1576,'FIN',17,5,4,16);
INSERT INTO "entry" VALUES(75,5,13,'2015-04-24 01:31:04','Web',180,14,0,'DNS',0,0,0,0);
INSERT INTO "entry" VALUES(76,5,6,'2015-04-25 01:27:16','Web',0,15,0,'DNS',0,0,0,0);
INSERT INTO "entry" VALUES(77,5,22,'2015-04-27 05:13:58','Web',240,16,0,'DNF',0,0,0,0);
INSERT INTO "entry" VALUES(78,5,24,'2015-04-30 04:49:09','Web',270,17,1597,'FIN',15,19,6,2);
INSERT INTO "entry" VALUES(79,5,14,'2015-04-24 01:25:22','Web',0,18,1560,'FIN',19,8,2,13);
INSERT INTO "entry" VALUES(80,5,31,'2015-04-23 05:17:34','Web',300,19,1631,'FIN',13,18,8,3);
INSERT INTO "entry" VALUES(81,5,26,'2015-04-25 20:09:30','Web',300,20,1764,'FIN',4,13,17,8);
INSERT INTO "entry" VALUES(82,5,19,'2015-04-27 17:45:43','Web',270,21,1665,'FIN',11,16,10,5);
INSERT INTO "entry" VALUES(83,5,4,'2015-04-23 08:21:39','Web',240,22,0,'DNF',0,0,0,0);
INSERT INTO "entry" VALUES(84,5,18,'2015-04-23 09:15:56','Web',180,23,1678,'FIN',10,11,11,10);
INSERT INTO "entry" VALUES(85,5,25,'2015-04-28 22:08:32','Web',270,24,1732,'FIN',7,14,14,7);
INSERT INTO "entry" VALUES(86,5,23,'2015-04-25 05:46:24','Web',240,25,1553,'FIN',20,20,1,1);
INSERT INTO "entry" VALUES(87,5,16,'2015-04-27 18:39:00','Web',300,26,0,'DNS',0,0,0,0);
INSERT INTO "entry" VALUES(88,5,10,'2015-04-29 06:07:03','Web',60,27,1612,'FIN',14,10,7,11);
INSERT INTO "entry" VALUES(89,6,10,'2015-04-30 14:46:00','Web',150,1,2152,'FIN',4,8,17,13);
INSERT INTO "entry" VALUES(90,6,17,'2015-05-02 20:20:33','Web',120,2,2128,'FIN',7,7,14,14);
INSERT INTO "entry" VALUES(91,6,28,'2015-05-04 19:54:50','Web',0,3,0,'DNS',0,0,0,0);
INSERT INTO "entry" VALUES(92,6,8,'2015-05-05 19:51:01','Web',120,4,0,'DNS',0,0,0,0);
INSERT INTO "entry" VALUES(93,6,5,'2015-05-07 23:37:44','Web',30,5,2060,'FIN',10,6,11,15);
INSERT INTO "entry" VALUES(94,6,31,'2015-05-04 14:33:39','Web',90,6,0,'DNF',0,0,0,0);
INSERT INTO "entry" VALUES(95,6,19,'2015-05-07 11:27:45','Web',150,7,2137,'FIN',5,10,16,11);
INSERT INTO "entry" VALUES(96,6,12,'2015-05-03 02:03:42','Web',120,8,0,'DNF',0,0,0,0);
INSERT INTO "entry" VALUES(97,6,30,'2015-05-04 18:58:38','Web',270,9,0,'DNF',0,0,0,0);
INSERT INTO "entry" VALUES(98,6,13,'2015-05-01 06:31:04','Web',120,10,2114,'FIN',9,9,12,12);
INSERT INTO "entry" VALUES(99,6,27,'2015-04-30 20:48:41','Web',0,11,1904,'FIN',18,12,3,9);
INSERT INTO "entry" VALUES(100,6,29,'2015-05-02 10:21:35','Web',300,12,1976,'FIN',13,19,8,2);
INSERT INTO "entry" VALUES(101,6,9,'2015-05-04 00:38:12','Web',150,13,2049,'FIN',11,13,10,8);
INSERT INTO "entry" VALUES(102,6,22,'2015-05-06 13:11:05','Web',30,14,2121,'FIN',8,5,13,16);
INSERT INTO "entry" VALUES(103,6,16,'2015-05-05 21:28:59','Web',240,15,1911,'FIN',17,20,4,1);
INSERT INTO "entry" VALUES(104,6,23,'2015-05-07 11:01:36','Web',90,16,1983,'FIN',12,14,9,7);
INSERT INTO "entry" VALUES(105,6,24,'2015-05-01 00:18:29','Web',30,17,2131,'FIN',6,4,15,17);
INSERT INTO "entry" VALUES(106,6,1,'2015-05-03 20:06:23','Web',0,18,0,'DNS',0,0,0,0);
INSERT INTO "entry" VALUES(107,6,18,'2015-04-30 04:40:26','Web',90,19,0,'DNF',0,0,0,0);
INSERT INTO "entry" VALUES(108,6,2,'2015-05-04 00:25:54','Web',0,20,1936,'FIN',15,11,6,10);
INSERT INTO "entry" VALUES(109,6,14,'2015-05-04 22:57:08','Web',90,21,1897,'FIN',19,16,2,5);
INSERT INTO "entry" VALUES(110,6,26,'2015-05-03 20:12:06','Web',270,22,0,'DNF',0,0,0,0);
INSERT INTO "entry" VALUES(111,6,3,'2015-05-05 15:45:27','Web',90,23,1957,'FIN',14,15,7,6);
INSERT INTO "entry" VALUES(112,6,20,'2015-05-02 14:40:43','Web',150,24,1926,'FIN',16,17,5,4);
INSERT INTO "entry" VALUES(113,6,7,'2015-05-07 12:35:58','Web',150,25,1894,'FIN',20,18,1,3);
INSERT INTO "entry" VALUES(114,7,15,'2015-05-14 21:00:27','Web',150,1,1671,'FIN',12,13,9,8);
INSERT INTO "entry" VALUES(115,7,28,'2015-05-11 20:55:58','Web',270,2,1645,'FIN',15,19,6,2);
INSERT INTO "entry" VALUES(116,7,14,'2015-05-08 19:50:13','Web',240,3,1558,'FIN',20,20,1,1);
INSERT INTO "entry" VALUES(117,7,13,'2015-05-12 23:29:29','Web',0,4,1764,'FIN',5,4,16,17);
INSERT INTO "entry" VALUES(118,7,18,'2015-05-09 22:24:44','Web',60,5,1738,'FIN',9,7,12,14);
INSERT INTO "entry" VALUES(119,7,8,'2015-05-08 21:18:00','Web',60,6,0,'DNS',0,0,0,0);
INSERT INTO "entry" VALUES(120,7,16,'2015-05-08 11:47:04','Web',60,7,1749,'FIN',7,6,14,15);
INSERT INTO "entry" VALUES(121,7,17,'2015-05-13 08:23:01','Web',30,8,0,'DNF',0,0,0,0);
INSERT INTO "entry" VALUES(122,7,29,'2015-05-10 01:59:59','Web',300,9,1751,'FIN',6,17,15,4);
INSERT INTO "entry" VALUES(123,7,31,'2015-05-07 08:52:51','Web',30,10,1743,'FIN',8,5,13,16);
INSERT INTO "entry" VALUES(124,7,20,'2015-05-11 02:42:39','Web',90,11,1611,'FIN',17,13,4,8);
INSERT INTO "entry" VALUES(125,7,10,'2015-05-07 09:35:15','Web',60,12,1665,'FIN',13,10,8,11);
INSERT INTO "entry" VALUES(126,7,2,'2015-05-12 22:28:51','Web',120,13,1657,'FIN',14,11,7,10);
INSERT INTO "entry" VALUES(127,7,1,'2015-05-09 05:06:27','Web',90,14,1711,'FIN',10,9,11,12);
INSERT INTO "entry" VALUES(128,7,3,'2015-05-13 18:59:19','Web',90,15,1764,'FIN',5,8,16,13);
INSERT INTO "entry" VALUES(129,7,19,'2015-05-10 01:36:55','Web',150,16,1586,'FIN',18,18,3,3);
INSERT INTO "entry" VALUES(130,7,24,'2015-05-14 14:30:30','Web',120,17,1578,'FIN',19,16,2,5);
INSERT INTO "entry" VALUES(131,7,22,'2015-05-09 21:23:06','Web',120,18,1631,'FIN',16,14,5,7);
INSERT INTO "entry" VALUES(132,7,4,'2015-05-13 10:01:42','Web',180,19,1685,'FIN',11,15,10,6);
INSERT INTO "entry" VALUES(133,8,28,'2015-05-18 02:17:18','Web',60,1,0,'DNS',0,0,0,0);
INSERT INTO "entry" VALUES(134,8,5,'2015-05-14 22:04:39','Web',300,2,1777,'FIN',16,19,5,2);
INSERT INTO "entry" VALUES(135,8,24,'2015-05-16 04:39:56','Web',270,3,1755,'FIN',17,18,4,3);
INSERT INTO "entry" VALUES(136,8,19,'2015-05-18 03:13:29','Web',180,4,1733,'FIN',18,17,3,4);
INSERT INTO "entry" VALUES(137,8,1,'2015-05-20 08:47:46','Web',90,5,1711,'FIN',19,16,2,5);
INSERT INTO "entry" VALUES(138,8,15,'2015-05-14 14:06:19','Web',60,6,1946,'FIN',8,8,13,13);
INSERT INTO "entry" VALUES(139,8,13,'2015-05-16 19:40:36','Web',270,7,1924,'FIN',11,14,10,7);
INSERT INTO "entry" VALUES(140,8,7,'2015-05-21 01:30:24','Web',300,8,0,'DNF',0,0,0,0);
INSERT INTO "entry" VALUES(141,8,14,'2015-05-14 03:17:05','Web',180,9,1924,'FIN',11,12,10,9);
INSERT INTO "entry" VALUES(142,8,6,'2015-05-21 09:31:39','Web',60,10,1909,'FIN',12,10,9,11);
INSERT INTO "entry" VALUES(143,8,9,'2015-05-20 21:45:14','Web',150,11,0,'DNS',0,0,0,0);
INSERT INTO "entry" VALUES(144,8,30,'2015-05-14 17:46:10','Web',240,12,1707,'FIN',20,20,1,1);
INSERT INTO "entry" VALUES(145,8,21,'2015-05-19 22:25:25','Web',300,13,1936,'FIN',9,15,12,6);
INSERT INTO "entry" VALUES(146,8,20,'2015-05-16 21:20:40','Web',30,14,1907,'FIN',13,9,8,12);
INSERT INTO "entry" VALUES(147,8,2,'2015-05-15 19:15:56','Web',30,15,1811,'FIN',14,11,7,10);
INSERT INTO "entry" VALUES(148,8,22,'2015-05-19 00:10:11','Web',90,16,1782,'FIN',15,13,6,8);
INSERT INTO "entry" VALUES(149,9,23,'2015-05-21 15:07:28','Web',240,1,3412,'FIN',18,18,3,3);
INSERT INTO "entry" VALUES(150,9,17,'2015-05-26 14:02:43','Web',300,2,3358,'FIN',19,19,2,2);
INSERT INTO "entry" VALUES(151,9,27,'2015-05-25 12:57:58','Web',30,3,3663,'FIN',11,10,10,11);
INSERT INTO "entry" VALUES(152,9,12,'2015-05-21 17:52:14','Web',90,4,3609,'FIN',13,11,8,10);
INSERT INTO "entry" VALUES(153,9,14,'2015-05-26 16:46:29','Web',90,5,3555,'FIN',14,14,7,7);
INSERT INTO "entry" VALUES(154,9,28,'2015-05-23 15:41:45','Web',240,6,3470,'FIN',16,16,5,5);
INSERT INTO "entry" VALUES(155,9,1,'2015-05-21 00:48:12','Web',0,7,3416,'FIN',17,15,4,6);
INSERT INTO "entry" VALUES(156,9,22,'2015-05-28 23:43:27','Web',300,8,0,'DNF',0,0,0,0);
INSERT INTO "entry" VALUES(157,9,31,'2015-05-28 13:54:38','Web',240,9,3724,'FIN',10,13,11,8);
INSERT INTO "entry" VALUES(158,9,15,'2015-05-27 04:07:33','Web',300,10,3503,'FIN',15,17,6,4);
INSERT INTO "entry" VALUES(159,9,11,'2015-05-26 18:03:28','Web',150,11,3641,'FIN',12,12,9,9);
INSERT INTO "entry" VALUES(160,9,13,'2015-05-23 15:00:23','Web',240,12,3289,'FIN',20,20,1,1);
INSERT INTO "entry" VALUES(161,10,4,'2015-05-31 23:54:20','Web',240,1,1283,'FIN',20,20,1,1);
INSERT INTO "entry" VALUES(162,10,15,'2015-05-29 13:50:15','Web',0,2,0,'DNF',0,0,0,0);
INSERT INTO "entry" VALUES(163,10,7,'2015-05-31 02:09:47','Web',30,3,1326,'FIN',18,16,3,5);
INSERT INTO "entry" VALUES(164,10,21,'2015-06-02 00:01:59','Web',0,4,0,'DNF',0,0,0,0);
INSERT INTO "entry" VALUES(165,10,22,'2015-06-01 09:38:37','Web',300,5,1454,'FIN',13,18,8,3);
INSERT INTO "entry" VALUES(166,10,18,'2015-05-30 16:31:13','Web',270,6,1448,'FIN',14,17,7,4);
INSERT INTO "entry" VALUES(167,10,3,'2015-06-02 05:08:49','Web',0,7,1299,'FIN',19,15,2,6);
INSERT INTO "entry" VALUES(168,10,17,'2015-05-31 18:18:40','Web',60,8,1395,'FIN',16,13,5,8);
INSERT INTO "entry" VALUES(169,10,14,'2015-05-28 07:11:32','Web',60,9,1388,'FIN',17,14,4,7);
INSERT INTO "entry" VALUES(170,10,13,'2015-05-31 14:48:08','Web',120,10,0,'DNF',0,0,0,0);
INSERT INTO "entry" VALUES(171,10,9,'2015-06-01 05:08:42','Web',240,11,0,'DNS',0,0,0,0);
INSERT INTO "entry" VALUES(172,10,30,'2015-05-30 20:00:48','Web',120,12,0,'DNS',0,0,0,0);
INSERT INTO "entry" VALUES(173,10,27,'2015-05-30 07:24:06','Web',60,13,0,'DNS',0,0,0,0);
INSERT INTO "entry" VALUES(174,10,2,'2015-06-01 05:12:30','Web',90,14,0,'DNS',0,0,0,0);
INSERT INTO "entry" VALUES(175,10,11,'2015-05-29 16:14:50','Web',270,15,1403,'FIN',15,19,6,2);
INSERT INTO "entry" VALUES(176,11,21,'2015-06-06 07:56:50','Web',270,1,1434,'FIN',15,18,6,3);
INSERT INTO "entry" VALUES(177,11,14,'2015-06-05 15:13:44','Web',120,2,1484,'FIN',13,14,8,7);
INSERT INTO "entry" VALUES(178,11,23,'2015-06-07 05:46:21','Web',0,3,1390,'FIN',16,13,5,8);
INSERT INTO "entry" VALUES(179,11,18,'2015-06-03 01:19:30','Web',30,4,1440,'FIN',14,12,7,9);
INSERT INTO "entry" VALUES(180,11,29,'2015-06-03 14:51:08','Web',240,5,1491,'FIN',12,16,9,5);
INSERT INTO "entry" VALUES(181,11,19,'2015-06-05 04:08:01','Web',90,6,0,'DNS',0,0,0,0);
INSERT INTO "entry" VALUES(182,11,28,'2015-06-08 04:39:46','Web',180,7,1360,'FIN',19,17,2,4);
INSERT INTO "entry" VALUES(183,11,26,'2015-06-07 16:53:04','Web',300,8,1349,'FIN',20,20,1,1);
INSERT INTO "entry" VALUES(184,11,1,'2015-06-06 23:51:38','Web',60,9,1389,'FIN',17,15,4,6);
INSERT INTO "entry" VALUES(185,11,3,'2015-06-06 05:04:13','Web',270,10,1377,'FIN',18,19,3,2);
INSERT INTO "entry" VALUES(186,11,22,'2015-06-05 11:18:47','Web',0,11,0,'DNF',0,0,0,0);
INSERT INTO "entry" VALUES(187,12,21,'2015-06-14 02:12:22','Web',30,1,1467,'FIN',19,19,2,2);
INSERT INTO "entry" VALUES(188,12,11,'2015-06-16 00:28:36','Web',240,2,0,'DNS',0,0,0,0);
INSERT INTO "entry" VALUES(189,12,13,'2015-06-13 13:52:56','Web',300,3,1398,'FIN',20,20,1,1);
INSERT INTO "entry" VALUES(190,13,25,'2015-06-19 09:02:09','Web',150,1,1520,'FIN',18,17,3,4);
INSERT INTO "entry" VALUES(191,13,8,'2015-06-16 00:58:04','Web',240,2,1584,'FIN',15,18,6,3);
INSERT INTO "entry" VALUES(192,13,4,'2015-06-17 03:27:15','Web',90,3,0,'DNF',0,0,0,0);
INSERT INTO "entry" VALUES(193,13,14,'2015-06-17 18:44:23','Web',30,4,1545,'FIN',16,11,5,10);
INSERT INTO "entry" VALUES(194,13,17,'2015-06-19 16:20:19','Web',0,5,0,'DNF',0,0,0,0);
INSERT INTO "entry" VALUES(195,13,22,'2015-06-22 00:33:56','Web',150,6,1630,'FIN',11,12,10,9);
INSERT INTO "entry" VALUES(196,13,9,'2015-06-18 07:10:32','Web',120,7,0,'DNF',0,0,0,0);
INSERT INTO "entry" VALUES(197,13,1,'2015-06-22 22:50:04','Web',90,8,1693,'FIN',6,5,15,16);
INSERT INTO "entry" VALUES(198,13,2,'2015-06-16 11:07:41','Web',300,9,1525,'FIN',17,20,4,1);
INSERT INTO "entry" VALUES(199,13,19,'2015-06-18 01:40:34','Web',150,10,0,'DNF',0,0,0,0);
INSERT INTO "entry" VALUES(200,13,12,'2015-06-20 10:34:09','Web',180,11,0,'DNS',0,0,0,0);
INSERT INTO "entry" VALUES(201,13,11,'2015-06-21 18:49:40','Web',30,12,1724,'FIN',3,3,18,18);
INSERT INTO "entry" VALUES(202,13,10,'2015-06-23 16:05:53','Web',240,13,1693,'FIN',6,13,15,8);
INSERT INTO "entry" VALUES(203,13,21,'2015-06-22 14:20:51','Web',60,14,1602,'FIN',13,8,8,13);
INSERT INTO "entry" VALUES(204,13,28,'2015-06-22 12:35:05','Web',270,15,1511,'FIN',19,19,2,2);
INSERT INTO "entry" VALUES(205,13,24,'2015-06-23 10:51:19','Web',120,16,0,'DNS',0,0,0,0);
INSERT INTO "entry" VALUES(206,13,20,'2015-06-20 15:56:20','Web',90,17,1646,'FIN',10,7,11,14);
INSERT INTO "entry" VALUES(207,13,5,'2015-06-17 12:52:15','Web',180,18,1709,'FIN',4,10,17,11);
INSERT INTO "entry" VALUES(208,13,13,'2015-06-18 09:20:26','Web',30,19,1667,'FIN',8,4,13,17);
INSERT INTO "entry" VALUES(209,13,23,'2015-06-23 23:17:21','Web',120,20,1505,'FIN',20,16,1,5);
INSERT INTO "entry" VALUES(210,13,6,'2015-06-23 13:13:16','Web',180,21,1629,'FIN',12,14,9,7);
INSERT INTO "entry" VALUES(211,13,15,'2015-06-22 04:25:11','Web',300,22,1692,'FIN',7,15,14,6);
INSERT INTO "entry" VALUES(212,13,7,'2015-06-19 00:22:06','Web',30,23,1590,'FIN',14,6,7,15);
INSERT INTO "entry" VALUES(213,13,26,'2015-06-18 15:34:00','Web',120,24,1654,'FIN',9,9,12,12);
INSERT INTO "entry" VALUES(214,14,2,'2015-06-25 23:13:42','Web',240,1,1405,'FIN',18,19,3,2);
INSERT INTO "entry" VALUES(215,14,16,'2015-06-24 13:09:37','Web',300,2,1317,'FIN',20,20,1,1);
INSERT INTO "entry" VALUES(216,14,30,'2015-06-23 10:05:32','Web',60,3,1372,'FIN',19,18,2,3);
INSERT INTO "entry" VALUES(217,15,4,'2015-07-04 06:16:01','Web',0,1,1497,'FIN',10,10,11,11);
INSERT INTO "entry" VALUES(218,15,1,'2015-07-03 20:28:56','Web',60,2,1355,'FIN',18,15,3,6);
INSERT INTO "entry" VALUES(219,15,29,'2015-06-30 11:24:51','Web',150,3,1463,'FIN',14,14,7,7);
INSERT INTO "entry" VALUES(220,15,30,'2015-06-30 08:21:45','Web',240,4,1321,'FIN',19,19,2,2);
INSERT INTO "entry" VALUES(221,15,3,'2015-07-06 03:45:52','Web',60,5,1467,'FIN',12,12,9,9);
INSERT INTO "entry" VALUES(222,15,13,'2015-07-05 17:41:47','Web',150,6,0,'DNS',0,0,0,0);
INSERT INTO "entry" VALUES(223,15,20,'2015-07-04 02:36:19','Web',180,7,1426,'FIN',16,16,5,5);
INSERT INTO "entry" VALUES(224,15,25,'2015-06-30 15:13:55','Web',270,8,1472,'FIN',11,18,10,3);
INSERT INTO "entry" VALUES(225,15,7,'2015-07-05 22:07:47','Web',240,9,1465,'FIN',13,17,8,4);
INSERT INTO "entry" VALUES(226,15,23,'2015-07-01 11:44:23','Web',240,10,1313,'FIN',20,20,1,1);
INSERT INTO "entry" VALUES(227,15,24,'2015-06-30 00:53:14','Web',30,11,1411,'FIN',17,13,4,8);
INSERT INTO "entry" VALUES(228,15,16,'2015-07-05 13:47:50','Web',30,12,1457,'FIN',15,11,6,10);
INSERT INTO "entry" VALUES(229,16,22,'2015-07-11 18:19:57','Web',90,1,1399,'FIN',13,10,8,11);
INSERT INTO "entry" VALUES(230,16,19,'2015-07-07 07:12:33','Web',150,2,1443,'FIN',10,11,11,10);
INSERT INTO "entry" VALUES(231,16,26,'2015-07-11 19:02:21','Web',180,3,1283,'FIN',20,18,1,3);
INSERT INTO "entry" VALUES(232,16,5,'2015-07-09 08:55:57','Web',150,4,1327,'FIN',18,15,3,6);
INSERT INTO "entry" VALUES(233,16,17,'2015-07-07 15:48:49','Web',240,5,1372,'FIN',14,17,7,4);
INSERT INTO "entry" VALUES(234,16,10,'2015-07-10 04:26:25','Web',240,6,1416,'FIN',11,16,10,5);
INSERT INTO "entry" VALUES(235,16,18,'2015-07-07 11:19:01','Web',180,7,1410,'FIN',12,13,9,8);
INSERT INTO "entry" VALUES(236,16,20,'2015-07-10 00:57:37','Web',270,8,0,'DNS',0,0,0,0);
INSERT INTO "entry" VALUES(237,16,14,'2015-07-08 21:03:18','Web',270,9,1336,'FIN',17,20,4,1);
INSERT INTO "entry" VALUES(238,16,30,'2015-07-10 03:37:50','Web',240,10,1320,'FIN',19,19,2,2);
INSERT INTO "entry" VALUES(239,16,23,'2015-07-11 02:12:07','Web',90,11,1355,'FIN',15,12,6,9);
INSERT INTO "entry" VALUES(240,16,16,'2015-07-09 14:02:56','Web',150,12,1338,'FIN',16,14,5,7);
INSERT INTO "entry" VALUES(241,17,19,'2015-07-13 15:25:22','Web',60,1,1770,'FIN',0,3,22,18);
INSERT INTO "entry" VALUES(242,17,18,'2015-07-15 21:59:54','Web',30,2,1750,'FIN',2,2,19,19);
INSERT INTO "entry" VALUES(243,17,24,'2015-07-16 02:33:11','Web',240,3,0,'DNF',0,0,0,0);
INSERT INTO "entry" VALUES(244,17,30,'2015-07-15 04:20:08','Web',240,4,0,'DNF',0,0,0,0);
INSERT INTO "entry" VALUES(245,17,27,'2015-07-14 17:26:18','Web',120,5,1602,'FIN',16,12,5,9);
INSERT INTO "entry" VALUES(246,17,26,'2015-07-14 15:41:32','Web',0,6,1741,'FIN',3,0,18,22);
INSERT INTO "entry" VALUES(247,17,7,'2015-07-15 13:57:45','Web',150,7,1709,'FIN',8,9,13,12);
INSERT INTO "entry" VALUES(248,17,12,'2015-07-15 11:12:43','Web',30,8,1678,'FIN',11,5,10,16);
INSERT INTO "entry" VALUES(249,17,5,'2015-07-16 15:43:13','Web',300,9,1584,'FIN',19,19,2,2);
INSERT INTO "entry" VALUES(250,17,22,'2015-07-11 13:59:27','Web',150,10,1723,'FIN',6,8,15,13);
INSERT INTO "entry" VALUES(251,17,9,'2015-07-11 11:30:41','Web',270,11,1692,'FIN',10,16,11,5);
INSERT INTO "entry" VALUES(252,17,13,'2015-07-11 09:45:39','Web',120,12,1598,'FIN',18,13,3,8);
INSERT INTO "entry" VALUES(253,17,10,'2015-07-12 07:01:53','Web',0,13,1737,'FIN',4,0,17,21);
INSERT INTO "entry" VALUES(254,17,29,'2015-07-11 05:16:07','Web',150,14,1644,'FIN',12,11,9,10);
INSERT INTO "entry" VALUES(255,17,15,'2015-07-12 08:44:17','Web',90,15,1598,'FIN',18,10,3,11);
INSERT INTO "entry" VALUES(256,17,28,'2015-07-14 06:59:31','Web',300,16,1566,'FIN',20,20,1,1);
INSERT INTO "entry" VALUES(257,17,2,'2015-07-13 04:14:44','Web',60,17,1705,'FIN',9,6,12,15);
INSERT INTO "entry" VALUES(258,17,4,'2015-07-14 02:30:58','Web',270,18,1612,'FIN',15,18,6,3);
INSERT INTO "entry" VALUES(259,17,6,'2015-07-14 23:45:56','Web',90,19,1751,'FIN',1,4,20,17);
INSERT INTO "entry" VALUES(260,17,23,'2015-07-14 21:01:10','Web',300,20,1719,'FIN',7,17,14,4);
INSERT INTO "entry" VALUES(261,17,11,'2015-07-15 19:16:24','Web',150,21,1626,'FIN',14,14,7,7);
INSERT INTO "entry" VALUES(262,17,21,'2015-07-15 17:47:38','Web',30,22,1765,'FIN',0,1,21,20);
INSERT INTO "entry" VALUES(263,17,3,'2015-07-16 22:19:52','Web',300,23,1733,'FIN',5,15,16,6);
INSERT INTO "entry" VALUES(264,17,8,'2015-07-11 13:34:05','Web',60,24,1640,'FIN',13,7,8,14);
INSERT INTO "entry" VALUES(265,18,10,'2015-07-21 12:34:25','Web',300,1,1709,'FIN',20,20,1,1);
INSERT INTO "entry" VALUES(266,18,5,'2015-07-21 10:50:39','Web',120,2,1862,'FIN',12,14,9,7);
INSERT INTO "entry" VALUES(267,18,29,'2015-07-20 08:21:53','Web',0,3,1759,'FIN',17,13,4,8);
INSERT INTO "entry" VALUES(268,18,11,'2015-07-22 06:37:50','Web',180,4,1913,'FIN',11,15,10,6);
INSERT INTO "entry" VALUES(269,18,16,'2015-07-21 04:52:04','Web',30,5,0,'DNS',0,0,0,0);
INSERT INTO "entry" VALUES(270,18,14,'2015-07-20 20:53:18','Web',90,6,1861,'FIN',13,11,8,10);
INSERT INTO "entry" VALUES(271,18,12,'2015-07-17 11:05:13','Web',150,7,1744,'FIN',18,17,3,4);
INSERT INTO "entry" VALUES(272,18,4,'2015-07-16 01:02:08','Web',270,8,1817,'FIN',14,18,7,3);
INSERT INTO "entry" VALUES(273,18,7,'2015-07-23 16:58:02','Web',30,9,1957,'FIN',10,10,11,11);
INSERT INTO "entry" VALUES(274,18,18,'2015-07-20 06:10:57','Web',90,10,1773,'FIN',16,16,5,5);
INSERT INTO "entry" VALUES(275,18,24,'2015-07-21 09:23:08','Web',270,11,1725,'FIN',19,19,2,2);
INSERT INTO "entry" VALUES(276,18,1,'2015-07-18 23:19:03','Web',30,12,1797,'FIN',15,12,6,9);
INSERT INTO "entry" VALUES(277,19,21,'2015-07-25 01:42:44','Web',30,1,1885,'FIN',20,17,1,4);
INSERT INTO "entry" VALUES(278,19,12,'2015-07-24 15:54:39','Web',90,2,1964,'FIN',16,16,5,5);
INSERT INTO "entry" VALUES(279,19,7,'2015-07-29 12:50:34','Web',180,3,0,'DNF',0,0,0,0);
INSERT INTO "entry" VALUES(280,19,13,'2015-07-30 18:06:03','Web',120,4,1937,'FIN',18,19,3,2);
INSERT INTO "entry" VALUES(281,19,18,'2015-07-26 15:58:15','Web',180,5,0,'DNF',0,0,0,0);
INSERT INTO "entry" VALUES(282,19,27,'2015-07-23 23:32:34','Web',30,6,0,'DNF',0,0,0,0);
INSERT INTO "entry" VALUES(283,19,5,'2015-07-29 15:15:25','Web',120,7,2139,'FIN',12,12,9,9);
INSERT INTO "entry" VALUES(284,19,16,'2015-07-23 05:48:02','Web',0,8,0,'DNS',0,0,0,0);
INSERT INTO "entry" VALUES(285,19,8,'2015-07-26 11:18:47','Web',0,9,0,'DNF',0,0,0,0);
INSERT INTO "entry" VALUES(286,19,31,'2015-07-25 07:43:16','Web',90,10,1937,'FIN',18,18,3,3);
INSERT INTO "entry" VALUES(287,19,4,'2015-07-26 23:58:30','Web',180,11,2105,'FIN',14,15,7,6);
INSERT INTO "entry" VALUES(288,19,20,'2015-07-28 02:26:56','Web',120,12,2124,'FIN',13,14,8,7);
INSERT INTO "entry" VALUES(289,19,15,'2015-07-27 00:41:54','Web',0,13,2011,'FIN',15,13,6,8);
INSERT INTO "entry" VALUES(290,19,22,'2015-07-29 22:57:08','Web',150,14,1898,'FIN',19,20,2,1);
INSERT INTO "entry" VALUES(291,19,23,'2015-07-28 20:12:21','Web',30,15,0,'DNF',0,0,0,0);
INSERT INTO "entry" VALUES(292,20,13,'2015-07-31 03:35:16','Web',120,1,1587,'FIN',6,7,15,14);
INSERT INTO "entry" VALUES(293,20,24,'2015-07-30 02:30:32','Web',240,2,1506,'FIN',13,17,8,4);
INSERT INTO "entry" VALUES(294,20,12,'2015-08-04 07:25:47','Web',300,3,1482,'FIN',17,19,4,2);
INSERT INTO "entry" VALUES(295,20,1,'2015-08-02 10:32:15','Web',30,4,1502,'FIN',14,6,7,15);
INSERT INTO "entry" VALUES(296,20,26,'2015-07-30 09:27:30','Web',90,5,1636,'FIN',1,1,20,20);
INSERT INTO "entry" VALUES(297,20,23,'2015-08-04 14:22:45','Web',150,6,0,'DNF',0,0,0,0);
INSERT INTO "entry" VALUES(298,20,10,'2015-08-05 12:31:17','Web',0,7,1472,'FIN',18,6,3,15);
INSERT INTO "entry" VALUES(299,20,14,'2015-08-02 03:28:11','Web',60,8,1533,'FIN',10,4,11,17);
INSERT INTO "entry" VALUES(300,20,17,'2015-08-02 17:40:06','Web',150,9,1435,'FIN',20,16,1,5);
INSERT INTO "entry" VALUES(301,20,9,'2015-08-01 07:36:01','Web',0,10,0,'DNF',0,0,0,0);
INSERT INTO "entry" VALUES(302,20,19,'2015-08-03 03:27:49','Web',60,11,1483,'FIN',16,10,5,11);
INSERT INTO "entry" VALUES(303,20,30,'2015-08-05 01:03:01','Web',30,12,0,'DNF',0,0,0,0);
INSERT INTO "entry" VALUES(304,20,21,'2015-08-05 10:40:39','Web',300,13,1625,'FIN',2,12,19,9);
INSERT INTO "entry" VALUES(305,20,8,'2015-08-02 16:33:15','Web',300,14,1618,'FIN',3,15,18,6);
INSERT INTO "entry" VALUES(306,20,11,'2015-08-06 06:26:51','Web',30,15,0,'DNF',0,0,0,0);
INSERT INTO "entry" VALUES(307,20,6,'2015-07-31 13:31:04','Web',300,16,1439,'FIN',19,20,2,1);
INSERT INTO "entry" VALUES(308,20,25,'2015-08-03 01:16:09','Web',150,17,1494,'FIN',15,11,6,10);
INSERT INTO "entry" VALUES(309,20,15,'2015-08-05 15:33:47','Web',30,18,1549,'FIN',8,2,13,19);
INSERT INTO "entry" VALUES(310,20,3,'2015-08-05 05:06:40','Web',240,19,0,'DNS',0,0,0,0);
INSERT INTO "entry" VALUES(311,20,28,'2015-08-04 19:59:47','Web',90,20,1543,'FIN',9,9,12,12);
INSERT INTO "entry" VALUES(312,20,18,'2015-08-04 02:13:21','Web',300,21,1530,'FIN',11,18,10,3);
INSERT INTO "entry" VALUES(313,20,2,'2015-08-03 14:26:55','Web',60,22,1517,'FIN',12,8,9,13);
INSERT INTO "entry" VALUES(314,20,27,'2015-08-02 20:24:30','Web',240,23,1561,'FIN',7,14,14,7);
INSERT INTO "entry" VALUES(315,20,22,'2015-08-02 09:54:04','Web',90,24,1605,'FIN',4,3,17,18);
INSERT INTO "entry" VALUES(316,20,4,'2015-08-01 15:08:38','Web',270,25,1593,'FIN',5,13,16,8);
INSERT INTO "entry" VALUES(317,20,20,'2015-07-31 21:06:13','Web',30,26,0,'DNS',0,0,0,0);
INSERT INTO "entry" VALUES(318,21,22,'2015-08-09 09:10:10','Web',180,1,1871,'FIN',11,11,10,10);
INSERT INTO "entry" VALUES(319,21,23,'2015-08-06 14:05:25','Web',180,2,1774,'FIN',16,15,5,6);
INSERT INTO "entry" VALUES(320,21,26,'2015-08-10 13:00:41','Web',270,3,1746,'FIN',18,20,3,1);
INSERT INTO "entry" VALUES(321,21,4,'2015-08-11 16:07:08','Web',90,4,1958,'FIN',4,6,17,15);
INSERT INTO "entry" VALUES(322,21,25,'2015-08-08 21:01:24','Web',150,5,0,'DNS',0,0,0,0);
INSERT INTO "entry" VALUES(323,21,13,'2015-08-13 20:52:51','Web',300,6,1876,'FIN',10,16,11,5);
INSERT INTO "entry" VALUES(324,21,21,'2015-08-07 18:28:47','Web',270,7,1766,'FIN',17,19,4,2);
INSERT INTO "entry" VALUES(325,21,30,'2015-08-12 09:04:59','Web',240,8,1913,'FIN',9,12,12,9);
INSERT INTO "entry" VALUES(326,21,5,'2015-08-06 06:56:56','Web',180,9,1803,'FIN',13,13,8,8);
INSERT INTO "entry" VALUES(327,21,24,'2015-08-10 21:32:52','Web',180,10,1951,'FIN',5,9,16,12);
INSERT INTO "entry" VALUES(328,21,19,'2015-08-07 01:24:20','Web',240,11,0,'DNF',0,0,0,0);
INSERT INTO "entry" VALUES(329,21,9,'2015-08-12 17:56:00','Web',60,12,1939,'FIN',7,4,14,17);
INSERT INTO "entry" VALUES(330,21,27,'2015-08-06 23:33:52','Web',60,13,1930,'FIN',8,5,13,16);
INSERT INTO "entry" VALUES(331,21,17,'2015-08-11 06:27:27','Web',120,14,1733,'FIN',20,14,1,7);
INSERT INTO "entry" VALUES(332,21,18,'2015-08-07 19:04:03','Web',90,15,1792,'FIN',14,10,7,11);
INSERT INTO "entry" VALUES(333,21,1,'2015-08-12 02:58:39','Web',90,16,0,'DNS',0,0,0,0);
INSERT INTO "entry" VALUES(334,21,28,'2015-08-12 07:23:39','Web',270,17,1776,'FIN',15,18,6,3);
INSERT INTO "entry" VALUES(335,21,16,'2015-08-07 17:09:08','Web',180,18,0,'DNS',0,0,0,0);
INSERT INTO "entry" VALUES(336,21,29,'2015-08-11 09:28:58','Web',120,19,1943,'FIN',6,8,15,13);
INSERT INTO "entry" VALUES(337,21,14,'2015-08-12 07:43:11','Web',0,20,1840,'FIN',12,7,9,14);
INSERT INTO "entry" VALUES(338,21,15,'2015-08-12 05:58:09','Web',180,21,1737,'FIN',19,17,2,4);
INSERT INTO "entry" VALUES(339,21,12,'2015-08-11 03:14:23','Web',30,22,1959,'FIN',3,3,18,18);
INSERT INTO "entry" VALUES(340,22,28,'2015-08-22 19:30:43','Web',270,1,1341,'FIN',17,20,4,1);
INSERT INTO "entry" VALUES(341,22,13,'2015-08-27 17:46:56','Web',120,2,0,'DNS',0,0,0,0);
INSERT INTO "entry" VALUES(342,22,14,'2015-09-02 21:31:39','Web',0,3,1395,'FIN',12,7,9,14);
INSERT INTO "entry" VALUES(343,22,24,'2015-08-24 12:28:34','Web',60,4,1449,'FIN',7,8,14,13);
INSERT INTO "entry" VALUES(344,22,26,'2015-08-28 15:56:44','Web',270,5,1413,'FIN',9,17,12,4);
INSERT INTO "entry" VALUES(345,22,2,'2015-08-19 05:52:39','Web',0,6,0,'DNF',0,0,0,0);
INSERT INTO "entry" VALUES(346,22,21,'2015-09-05 03:49:49','Web',150,7,1333,'FIN',18,16,3,5);
INSERT INTO "entry" VALUES(347,22,12,'2015-08-25 01:25:01','Web',120,8,1444,'FIN',8,9,13,12);
INSERT INTO "entry" VALUES(348,22,22,'2015-08-31 16:01:58','Web',120,9,1361,'FIN',14,13,7,8);
INSERT INTO "entry" VALUES(349,22,29,'2015-08-21 13:53:54','Web',90,10,0,'DNS',0,0,0,0);
INSERT INTO "entry" VALUES(350,22,20,'2015-08-25 23:37:11','Web',120,11,1398,'FIN',11,11,10,10);
INSERT INTO "entry" VALUES(351,22,19,'2015-09-05 18:22:16','Web',60,12,1294,'FIN',20,14,1,7);
INSERT INTO "entry" VALUES(352,22,10,'2015-09-04 01:39:10','Web',270,13,1344,'FIN',16,19,5,2);
INSERT INTO "entry" VALUES(353,22,4,'2015-08-16 15:11:47','Web',120,14,1393,'FIN',13,12,8,9);
INSERT INTO "entry" VALUES(354,22,15,'2015-08-22 05:28:40','Web',90,15,0,'DNS',0,0,0,0);
INSERT INTO "entry" VALUES(355,22,3,'2015-08-15 20:21:47','Web',0,16,0,'DNS',0,0,0,0);
INSERT INTO "entry" VALUES(356,22,25,'2015-09-04 06:00:05','Web',150,17,0,'DNS',0,0,0,0);
INSERT INTO "entry" VALUES(357,22,27,'2015-08-20 04:32:29','Web',300,18,0,'DNS',0,0,0,0);
INSERT INTO "entry" VALUES(358,22,1,'2015-08-15 04:07:20','Web',120,19,1307,'FIN',19,15,2,6);
INSERT INTO "entry" VALUES(359,22,17,'2015-08-20 12:24:58','Web',60,20,1357,'FIN',15,10,6,11);
INSERT INTO "entry" VALUES(360,22,30,'2015-08-19 01:41:51','Web',270,21,1406,'FIN',10,18,11,3);
INSERT INTO "entry" VALUES(361,23,7,'2015-09-09 10:22:36','Web',300,1,0,'DNF',0,0,0,0);
INSERT INTO "entry" VALUES(362,23,10,'2015-09-08 13:01:55','Web',120,2,1318,'FIN',19,19,2,2);
INSERT INTO "entry" VALUES(363,23,21,'2015-09-10 19:35:12','Web',90,3,0,'DNS',0,0,0,0);
INSERT INTO "entry" VALUES(364,23,5,'2015-09-09 17:10:17','Web',120,4,1265,'FIN',20,20,1,1);
INSERT INTO "entry" VALUES(365,24,10,'2015-09-18 22:58:09','Web',180,1,1239,'FIN',20,18,1,3);
INSERT INTO "entry" VALUES(366,24,15,'2015-09-17 20:13:22','Web',30,2,0,'DNF',0,0,0,0);
INSERT INTO "entry" VALUES(367,24,13,'2015-09-17 16:46:28','Web',180,3,1326,'FIN',14,16,7,5);
INSERT INTO "entry" VALUES(368,24,25,'2015-09-16 21:41:44','Web',240,4,1294,'FIN',17,19,4,2);
INSERT INTO "entry" VALUES(369,24,14,'2015-09-14 00:48:11','Web',0,5,1274,'FIN',18,13,3,8);
INSERT INTO "entry" VALUES(370,24,4,'2015-09-19 23:42:43','Web',60,6,0,'DNF',0,0,0,0);
INSERT INTO "entry" VALUES(371,24,22,'2015-09-13 13:10:37','Web',300,7,1389,'FIN',11,17,10,4);
INSERT INTO "entry" VALUES(372,24,16,'2015-09-18 03:06:32','Web',60,8,1306,'FIN',16,14,5,7);
INSERT INTO "entry" VALUES(373,24,27,'2015-09-17 00:02:27','Web',120,9,1358,'FIN',13,15,8,6);
INSERT INTO "entry" VALUES(374,24,19,'2015-09-14 15:15:22','Web',0,10,1324,'FIN',15,11,6,10);
INSERT INTO "entry" VALUES(375,24,9,'2015-09-15 11:27:33','Web',60,11,1375,'FIN',12,12,9,9);
INSERT INTO "entry" VALUES(376,24,17,'2015-09-14 02:23:28','Web',150,12,0,'DNS',0,0,0,0);
INSERT INTO "entry" VALUES(377,24,24,'2015-09-18 09:59:41','Web',180,13,0,'DNS',0,0,0,0);
INSERT INTO "entry" VALUES(378,24,6,'2015-09-18 14:24:40','Web',270,14,1273,'FIN',19,20,2,1);
INSERT INTO "entry" VALUES(379,25,1,'2015-09-26 15:47:22','Web',180,1,1861,'FIN',18,20,3,1);
INSERT INTO "entry" VALUES(380,25,25,'2015-09-19 21:21:39','Web',150,2,1840,'FIN',19,19,2,2);
INSERT INTO "entry" VALUES(381,25,27,'2015-09-21 20:56:12','Web',120,3,1819,'FIN',20,18,1,3);
INSERT INTO "entry" VALUES(382,26,28,'2015-10-06 05:22:57','Web',60,1,293,'FIN',15,11,6,10);
INSERT INTO "entry" VALUES(383,26,19,'2015-11-22 11:56:14','Web',0,2,289,'FIN',16,9,5,12);
INSERT INTO "entry" VALUES(384,26,31,'2015-12-16 10:30:47','Web',240,3,0,'DNS',0,0,0,0);
INSERT INTO "entry" VALUES(385,26,12,'2015-11-24 03:08:39','Web',270,4,0,'DNF',0,0,0,0);
INSERT INTO "entry" VALUES(386,26,7,'2015-12-25 14:02:23','Web',270,5,0,'DNS',0,0,0,0);
INSERT INTO "entry" VALUES(387,26,16,'2015-11-21 11:50:31','Web',300,6,309,'FIN',8,19,13,2);
INSERT INTO "entry" VALUES(388,26,24,'2015-10-05 07:38:56','Web',0,7,300,'FIN',12,8,9,13);
INSERT INTO "entry" VALUES(389,26,5,'2015-11-24 05:14:52','Web',300,8,0,'DNS',0,0,0,0);
INSERT INTO "entry" VALUES(390,26,17,'2015-11-13 07:55:50','Web',270,9,295,'FIN',14,18,7,3);
INSERT INTO "entry" VALUES(391,26,8,'2015-12-04 21:12:43','Web',240,10,305,'FIN',9,15,12,6);
INSERT INTO "entry" VALUES(392,26,18,'2015-12-01 04:45:20','Web',90,11,275,'FIN',19,14,2,7);
INSERT INTO "entry" VALUES(393,26,23,'2015-12-22 18:02:14','Web',300,12,0,'DNF',0,0,0,0);
INSERT INTO "entry" VALUES(394,26,4,'2015-11-25 04:20:35','Web',30,13,304,'FIN',11,10,10,11);
INSERT INTO "entry" VALUES(395,26,27,'2015-10-13 09:10:07','Web',0,14,0,'DNS',0,0,0,0);
INSERT INTO "entry" VALUES(396,26,3,'2015-10-25 17:26:38','Web',240,15,279,'FIN',18,17,3,4);
INSERT INTO "entry" VALUES(397,26,25,'2015-10-19 15:41:52','Web',90,16,304,'FIN',11,12,10,9);
INSERT INTO "entry" VALUES(398,26,10,'2015-11-07 13:56:06','Web',300,17,287,'FIN',17,20,4,1);
INSERT INTO "entry" VALUES(399,26,6,'2015-11-01 11:12:04','Web',60,18,271,'FIN',20,13,1,8);
INSERT INTO "entry" VALUES(400,26,20,'2015-10-27 09:27:17','Web',240,19,0,'DNS',0,0,0,0);
INSERT INTO "entry" VALUES(401,26,13,'2015-12-20 14:32:19','Web',240,20,295,'FIN',14,16,7,5);
INSERT INTO "entry" VALUES(402,27,19,'2016-01-10 05:10:16','Web',300,null,null,null,null,null,null,null);
INSERT INTO "entry" VALUES(403,27,27,'2016-03-02 23:34:49','Web',270,null,null,null,null,null,null,null);
INSERT INTO "entry" VALUES(404,27,20,'2016-01-04 04:14:05','Web',150,null,null,null,null,null,null,null);
INSERT INTO "entry" VALUES(405,27,3,'2016-03-02 17:24:03','Web',30,null,null,null,null,null,null,null);
INSERT INTO "entry" VALUES(406,27,11,'2016-02-03 01:08:24','Web',180,null,null,null,null,null,null,null);
INSERT INTO "entry" VALUES(407,27,8,'2015-12-26 06:01:45','Web',60,null,null,null,null,null,null,null);
INSERT INTO "entry" VALUES(408,27,29,'2016-02-20 16:13:52','Web',60,null,null,null,null,null,null,null);
INSERT INTO "entry" VALUES(409,27,12,'2016-03-08 00:30:01','Web',60,null,null,null,null,null,null,null);
INSERT INTO "entry" VALUES(410,27,15,'2016-01-04 11:24:50','Web',60,null,null,null,null,null,null,null);
INSERT INTO "entry" VALUES(411,27,16,'2016-02-22 14:30:44','Web',0,null,null,null,null,null,null,null);
INSERT INTO "entry" VALUES(412,27,6,'2016-01-22 18:31:42','Web',30,null,null,null,null,null,null,null);
INSERT INTO "entry" VALUES(413,27,31,'2015-12-30 15:39:17','Web',180,null,null,null,null,null,null,null);
INSERT INTO "entry" VALUES(414,27,1,'2016-02-25 22:44:20','Web',150,null,null,null,null,null,null,null);
INSERT INTO "entry" VALUES(415,27,23,'2016-02-05 11:35:02','Web',30,null,null,null,null,null,null,null);
INSERT INTO "entry" VALUES(416,27,25,'2016-01-19 21:08:07','Web',120,null,null,null,null,null,null,null);
INSERT INTO "entry" VALUES(417,27,26,'2016-02-04 13:24:52','Web',30,null,null,null,null,null,null,null);
INSERT INTO "entry" VALUES(418,27,14,'2015-12-28 17:22:25','Web',270,null,null,null,null,null,null,null);
INSERT INTO "entry" VALUES(419,27,22,'2016-01-23 10:43:39','Web',90,null,null,null,null,null,null,null);
INSERT INTO "entry" VALUES(420,27,30,'2016-02-26 06:16:48','Web',300,null,null,null,null,null,null,null);
INSERT INTO "entry" VALUES(421,27,13,'2016-01-11 17:07:43','Web',30,null,null,null,null,null,null,null);
INSERT INTO "entry" VALUES(422,27,28,'2016-02-06 00:32:45','Web',180,null,null,null,null,null,null,null);
INSERT INTO "entry" VALUES(423,27,4,'2016-03-13 15:06:47','Web',300,null,null,null,null,null,null,null);
INSERT INTO "entry" VALUES(424,27,21,'2016-01-03 00:15:35','Web',270,null,null,null,null,null,null,null);
INSERT INTO "entry" VALUES(425,28,3,'2016-03-17 14:07:16','Web',150,null,null,null,null,null,null,null);
INSERT INTO "entry" VALUES(426,28,12,'2016-03-13 10:02:30','Web',270,null,null,null,null,null,null,null);
INSERT INTO "entry" VALUES(427,28,14,'2016-03-13 20:48:41','Web',0,null,null,null,null,null,null,null);
INSERT INTO "entry" VALUES(428,28,1,'2016-03-20 10:06:18','Web',120,null,null,null,null,null,null,null);
INSERT INTO "entry" VALUES(429,28,18,'2016-03-15 13:54:55','Web',90,null,null,null,null,null,null,null);
INSERT INTO "entry" VALUES(430,28,26,'2016-03-15 13:59:38','Web',30,null,null,null,null,null,null,null);
INSERT INTO "entry" VALUES(431,28,23,'2016-03-17 03:14:37','Web',240,null,null,null,null,null,null,null);
INSERT INTO "entry" VALUES(432,28,21,'2016-03-17 04:05:05','Web',0,null,null,null,null,null,null,null);
INSERT INTO "entry" VALUES(433,28,5,'2016-03-16 03:00:08','Web',240,null,null,null,null,null,null,null);
INSERT INTO "entry" VALUES(434,28,30,'2016-03-14 23:16:20','Web',90,null,null,null,null,null,null,null);
INSERT INTO "entry" VALUES(435,28,7,'2016-03-14 17:16:52','Web',150,null,null,null,null,null,null,null);
INSERT INTO "entry" VALUES(436,28,24,'2016-03-16 06:39:28','Web',60,null,null,null,null,null,null,null);
INSERT INTO "entry" VALUES(437,28,9,'2016-03-17 18:25:25','Web',30,null,null,null,null,null,null,null);
INSERT INTO "entry" VALUES(438,28,19,'2016-03-20 10:51:06','Web',90,null,null,null,null,null,null,null);
INSERT INTO "entry" VALUES(439,28,27,'2016-03-13 08:05:09','Web',180,null,null,null,null,null,null,null);
INSERT INTO "entry" VALUES(440,28,10,'2016-03-16 09:16:37','Web',150,null,null,null,null,null,null,null);
INSERT INTO "entry" VALUES(441,28,4,'2016-03-13 10:53:00','Web',300,null,null,null,null,null,null,null);
INSERT INTO "entry" VALUES(442,28,13,'2016-03-14 05:30:54','Web',300,null,null,null,null,null,null,null);
INSERT INTO "entry" VALUES(443,28,17,'2016-03-14 07:12:46','Web',0,null,null,null,null,null,null,null);
INSERT INTO "entry" VALUES(444,28,31,'2016-03-16 19:12:05','Web',270,null,null,null,null,null,null,null);
INSERT INTO "entry" VALUES(445,28,22,'2016-03-16 16:40:38','Web',240,null,null,null,null,null,null,null);
INSERT INTO "entry" VALUES(446,28,28,'2016-03-16 07:27:02','Web',60,null,null,null,null,null,null,null);
INSERT INTO "entry" VALUES(447,28,16,'2016-03-15 14:39:42','Web',150,null,null,null,null,null,null,null);
INSERT INTO "entry" VALUES(448,28,25,'2016-03-13 07:11:52','Web',150,null,null,null,null,null,null,null);
INSERT INTO "entry" VALUES(449,28,20,'2016-03-17 23:31:36','Web',270,null,null,null,null,null,null,null);
INSERT INTO "entry" VALUES(450,28,6,'2016-03-13 11:44:29','Web',60,null,null,null,null,null,null,null);
INSERT INTO "entry" VALUES(451,29,31,'2016-04-10 23:33:48','Web',240,null,null,null,null,null,null,null);
INSERT INTO "entry" VALUES(452,29,13,'2016-03-22 04:13:04','Web',150,null,null,null,null,null,null,null);
INSERT INTO "entry" VALUES(453,29,26,'2016-04-10 16:23:02','Web',0,null,null,null,null,null,null,null);
INSERT INTO "entry" VALUES(454,29,30,'2016-04-01 00:07:23','Web',90,null,null,null,null,null,null,null);
INSERT INTO "entry" VALUES(455,29,2,'2016-04-14 06:44:44','Web',60,null,null,null,null,null,null,null);
INSERT INTO "entry" VALUES(456,29,25,'2016-03-31 16:12:35','Web',30,null,null,null,null,null,null,null);
INSERT INTO "entry" VALUES(457,29,3,'2016-04-06 00:30:00','Web',60,null,null,null,null,null,null,null);
INSERT INTO "entry" VALUES(458,29,16,'2016-03-22 10:08:34','Web',60,null,null,null,null,null,null,null);
INSERT INTO "entry" VALUES(459,29,15,'2016-04-01 13:30:43','Web',0,null,null,null,null,null,null,null);
INSERT INTO "entry" VALUES(460,29,1,'2016-03-28 11:30:41','Web',30,null,null,null,null,null,null,null);
INSERT INTO "entry" VALUES(461,29,22,'2016-03-21 14:39:16','Web',120,null,null,null,null,null,null,null);
INSERT INTO "entry" VALUES(462,29,17,'2016-04-09 22:43:20','Web',60,null,null,null,null,null,null,null);
INSERT INTO "entry" VALUES(463,29,11,'2016-03-26 05:18:01','Web',30,null,null,null,null,null,null,null);
INSERT INTO "entry" VALUES(464,29,12,'2016-03-27 14:07:06','Web',120,null,null,null,null,null,null,null);
INSERT INTO "entry" VALUES(465,29,21,'2016-03-25 06:07:36','Web',30,null,null,null,null,null,null,null);
INSERT INTO "entry" VALUES(466,30,4,'2016-04-19 23:35:43','Web',0,null,null,null,null,null,null,null);
INSERT INTO "entry" VALUES(467,30,17,'2016-04-15 00:38:33','Web',150,null,null,null,null,null,null,null);
INSERT INTO "entry" VALUES(468,30,10,'2016-04-20 21:36:28','Web',180,null,null,null,null,null,null,null);
INSERT INTO "entry" VALUES(469,30,29,'2016-04-15 17:25:44','Web',270,null,null,null,null,null,null,null);
INSERT INTO "entry" VALUES(470,31,31,'2016-04-24 14:47:41','Web',60,null,null,null,null,null,null,null);
INSERT INTO "entry" VALUES(471,31,2,'2016-04-25 21:17:40','Web',150,null,null,null,null,null,null,null);
INSERT INTO "entry" VALUES(472,31,25,'2016-04-23 23:08:09','Web',30,null,null,null,null,null,null,null);
INSERT INTO "entry" VALUES(473,31,10,'2016-04-22 22:47:55','Web',150,null,null,null,null,null,null,null);
INSERT INTO "entry" VALUES(474,31,3,'2016-04-27 17:03:07','Web',30,null,null,null,null,null,null,null);
INSERT INTO "entry" VALUES(475,31,24,'2016-04-21 12:47:39','Web',90,null,null,null,null,null,null,null);
INSERT INTO "entry" VALUES(476,31,23,'2016-04-28 01:26:59','Web',0,null,null,null,null,null,null,null);
INSERT INTO "entry" VALUES(477,31,27,'2016-04-23 12:56:12','Web',300,null,null,null,null,null,null,null);
INSERT INTO "entry" VALUES(478,31,14,'2016-04-26 05:38:37','Web',30,null,null,null,null,null,null,null);
INSERT INTO "entry" VALUES(479,31,28,'2016-04-21 08:04:09','Web',180,null,null,null,null,null,null,null);
INSERT INTO "entry" VALUES(480,31,26,'2016-04-22 08:15:36','Web',150,null,null,null,null,null,null,null);
INSERT INTO "entry" VALUES(481,31,29,'2016-04-28 09:53:43','Web',180,null,null,null,null,null,null,null);
INSERT INTO "entry" VALUES(482,32,27,'2016-05-04 11:43:12','Web',60,null,null,null,null,null,null,null);
INSERT INTO "entry" VALUES(483,32,23,'2016-05-03 21:08:41','Web',0,null,null,null,null,null,null,null);
INSERT INTO "entry" VALUES(484,32,25,'2016-05-03 03:28:58','Web',120,null,null,null,null,null,null,null);
INSERT INTO "entry" VALUES(485,32,21,'2016-05-03 13:55:36','Web',0,null,null,null,null,null,null,null);
INSERT INTO "entry" VALUES(486,32,11,'2016-05-03 22:02:58','Web',30,null,null,null,null,null,null,null);
INSERT INTO "entry" VALUES(487,32,22,'2016-05-02 19:57:59','Web',30,null,null,null,null,null,null,null);
INSERT INTO "entry" VALUES(488,32,19,'2016-05-02 12:05:07','Web',240,null,null,null,null,null,null,null);
INSERT INTO "entry" VALUES(489,32,4,'2016-05-04 05:23:11','Web',270,null,null,null,null,null,null,null);
INSERT INTO "entry" VALUES(490,32,10,'2016-05-03 17:41:47','Web',120,null,null,null,null,null,null,null);
INSERT INTO "entry" VALUES(491,32,1,'2016-05-03 18:05:35','Web',150,null,null,null,null,null,null,null);
INSERT INTO "entry" VALUES(492,32,26,'2016-05-05 16:45:35','Web',0,null,null,null,null,null,null,null);
INSERT INTO "entry" VALUES(493,32,5,'2016-05-03 05:10:50','Web',180,null,null,null,null,null,null,null);
INSERT INTO "entry" VALUES(494,32,9,'2016-04-28 19:38:54','Web',30,null,null,null,null,null,null,null);
INSERT INTO "entry" VALUES(495,32,20,'2016-04-28 00:47:47','Web',90,null,null,null,null,null,null,null);
INSERT INTO "entry" VALUES(496,32,24,'2016-05-01 17:16:38','Web',60,null,null,null,null,null,null,null);
INSERT INTO "entry" VALUES(497,32,30,'2016-05-03 01:17:03','Web',0,null,null,null,null,null,null,null);
INSERT INTO "entry" VALUES(498,32,29,'2016-05-05 05:11:37','Web',90,null,null,null,null,null,null,null);
INSERT INTO "entry" VALUES(499,32,16,'2016-05-02 15:33:46','Web',30,null,null,null,null,null,null,null);
INSERT INTO "entry" VALUES(500,32,6,'2016-04-29 12:33:44','Web',60,null,null,null,null,null,null,null);
INSERT INTO "entry" VALUES(501,32,15,'2016-05-04 09:42:19','Web',120,null,null,null,null,null,null,null);
INSERT INTO "entry" VALUES(502,32,31,'2016-05-04 23:46:23','Web',60,null,null,null,null,null,null,null);
INSERT INTO "entry" VALUES(503,32,2,'2016-04-30 06:22:04','Web',300,null,null,null,null,null,null,null);
INSERT INTO "entry" VALUES(504,32,8,'2016-04-28 15:10:54','Web',60,null,null,null,null,null,null,null);
INSERT INTO "entry" VALUES(505,32,3,'2016-04-30 08:10:39','Web',60,null,null,null,null,null,null,null);
INSERT INTO "entry" VALUES(506,32,28,'2016-05-04 11:24:11','Web',150,null,null,null,null,null,null,null);
INSERT INTO "entry" VALUES(507,32,7,'2016-05-01 05:29:41','Web',90,null,null,null,null,null,null,null);
INSERT INTO "entry" VALUES(508,33,21,'2016-05-09 16:23:15','Web',90,null,null,null,null,null,null,null);
INSERT INTO "entry" VALUES(509,33,8,'2016-05-12 05:13:31','Web',150,null,null,null,null,null,null,null);
INSERT INTO "entry" VALUES(510,33,1,'2016-05-10 11:58:15','Web',30,null,null,null,null,null,null,null);
INSERT INTO "entry" VALUES(511,33,10,'2016-05-11 11:30:54','Web',120,null,null,null,null,null,null,null);
INSERT INTO "entry" VALUES(512,33,6,'2016-05-09 19:00:24','Web',180,null,null,null,null,null,null,null);
INSERT INTO "entry" VALUES(513,33,17,'2016-05-08 03:41:07','Web',0,null,null,null,null,null,null,null);
INSERT INTO "entry" VALUES(514,33,2,'2016-05-11 11:48:32','Web',180,null,null,null,null,null,null,null);
INSERT INTO "entry" VALUES(515,33,31,'2016-05-05 15:50:43','Web',0,null,null,null,null,null,null,null);
INSERT INTO "entry" VALUES(516,33,26,'2016-05-05 11:52:21','Web',60,null,null,null,null,null,null,null);
INSERT INTO "entry" VALUES(517,33,9,'2016-05-06 08:40:57','Web',90,null,null,null,null,null,null,null);
INSERT INTO "entry" VALUES(518,33,27,'2016-05-06 07:46:40','Web',60,null,null,null,null,null,null,null);
INSERT INTO "entry" VALUES(519,33,29,'2016-05-07 21:17:23','Web',150,null,null,null,null,null,null,null);
INSERT INTO "entry" VALUES(520,33,11,'2016-05-07 22:07:08','Web',30,null,null,null,null,null,null,null);
INSERT INTO "entry" VALUES(521,33,16,'2016-05-06 15:46:55','Web',150,null,null,null,null,null,null,null);
INSERT INTO "entry" VALUES(522,33,18,'2016-05-11 17:02:07','Web',30,null,null,null,null,null,null,null);
INSERT INTO "entry" VALUES(523,33,13,'2016-05-05 11:47:38','Web',90,null,null,null,null,null,null,null);
INSERT INTO "entry" VALUES(524,33,19,'2016-05-12 00:25:58','Web',0,null,null,null,null,null,null,null);
INSERT INTO "entry" VALUES(525,33,28,'2016-05-07 06:55:11','Web',180,null,null,null,null,null,null,null);
INSERT INTO "entry" VALUES(526,34,10,'2016-05-19 02:14:33','Web',0,null,null,null,null,null,null,null);
INSERT INTO "entry" VALUES(527,34,11,'2016-05-12 08:10:13','Web',0,null,null,null,null,null,null,null);
INSERT INTO "entry" VALUES(528,34,21,'2016-05-16 02:41:39','Web',90,null,null,null,null,null,null,null);
INSERT INTO "entry" VALUES(529,34,8,'2016-05-12 11:17:06','Web',90,null,null,null,null,null,null,null);
INSERT INTO "entry" VALUES(530,34,31,'2016-05-16 05:14:59','Web',300,null,null,null,null,null,null,null);
INSERT INTO "entry" VALUES(531,34,18,'2016-05-18 22:11:44','Web',30,null,null,null,null,null,null,null);
INSERT INTO "entry" VALUES(532,34,1,'2016-05-17 04:31:45','Web',150,null,null,null,null,null,null,null);
INSERT INTO "entry" VALUES(533,34,25,'2016-05-15 08:42:39','Web',0,null,null,null,null,null,null,null);
CREATE TABLE official(
	id INT, 
	eventid INT, 
	userid INT, 
	capacity TEXT
	);
INSERT INTO "official" VALUES(1,1,11,'M');
INSERT INTO "official" VALUES(2,1,13,'M');
INSERT INTO "official" VALUES(3,1,35,'T');
INSERT INTO "official" VALUES(4,1,33,'T');
INSERT INTO "official" VALUES(5,2,24,'M');
INSERT INTO "official" VALUES(6,2,29,'M');
INSERT INTO "official" VALUES(7,2,30,'M');
INSERT INTO "official" VALUES(8,2,36,'T');
INSERT INTO "official" VALUES(9,3,30,'M');
INSERT INTO "official" VALUES(10,3,25,'M');
INSERT INTO "official" VALUES(11,3,27,'M');
INSERT INTO "official" VALUES(12,3,2,'M');
INSERT INTO "official" VALUES(13,3,33,'T');
INSERT INTO "official" VALUES(14,4,31,'M');
INSERT INTO "official" VALUES(15,4,35,'T');
INSERT INTO "official" VALUES(16,4,36,'T');
INSERT INTO "official" VALUES(17,5,33,'M');
INSERT INTO "official" VALUES(18,5,36,'T');
INSERT INTO "official" VALUES(19,5,35,'T');
INSERT INTO "official" VALUES(20,6,15,'M');
INSERT INTO "official" VALUES(21,6,13,'M');
INSERT INTO "official" VALUES(22,6,36,'T');
INSERT INTO "official" VALUES(23,6,33,'T');
INSERT INTO "official" VALUES(24,7,3,'M');
INSERT INTO "official" VALUES(25,7,11,'M');
INSERT INTO "official" VALUES(26,7,35,'T');
INSERT INTO "official" VALUES(27,8,15,'M');
INSERT INTO "official" VALUES(28,8,17,'M');
INSERT INTO "official" VALUES(29,8,10,'M');
INSERT INTO "official" VALUES(30,8,9,'M');
INSERT INTO "official" VALUES(31,8,36,'T');
INSERT INTO "official" VALUES(32,8,33,'T');
INSERT INTO "official" VALUES(33,9,5,'M');
INSERT INTO "official" VALUES(34,9,35,'T');
INSERT INTO "official" VALUES(35,10,19,'M');
INSERT INTO "official" VALUES(36,10,36,'T');
INSERT INTO "official" VALUES(37,10,35,'T');
INSERT INTO "official" VALUES(38,11,32,'M');
INSERT INTO "official" VALUES(39,11,33,'T');
INSERT INTO "official" VALUES(40,12,22,'M');
INSERT INTO "official" VALUES(41,12,9,'M');
INSERT INTO "official" VALUES(42,12,13,'M');
INSERT INTO "official" VALUES(43,12,33,'T');
INSERT INTO "official" VALUES(44,12,36,'T');
INSERT INTO "official" VALUES(45,13,19,'M');
INSERT INTO "official" VALUES(46,13,36,'T');
INSERT INTO "official" VALUES(47,13,33,'T');
INSERT INTO "official" VALUES(48,14,22,'M');
INSERT INTO "official" VALUES(49,14,36,'T');
INSERT INTO "official" VALUES(50,14,33,'T');
INSERT INTO "official" VALUES(51,15,13,'M');
INSERT INTO "official" VALUES(52,15,2,'M');
INSERT INTO "official" VALUES(53,15,9,'M');
INSERT INTO "official" VALUES(54,15,36,'T');
INSERT INTO "official" VALUES(55,16,4,'M');
INSERT INTO "official" VALUES(56,16,25,'M');
INSERT INTO "official" VALUES(57,16,18,'M');
INSERT INTO "official" VALUES(58,16,35,'T');
INSERT INTO "official" VALUES(59,17,9,'M');
INSERT INTO "official" VALUES(60,17,33,'T');
INSERT INTO "official" VALUES(61,17,36,'T');
INSERT INTO "official" VALUES(62,18,20,'M');
INSERT INTO "official" VALUES(63,18,19,'M');
INSERT INTO "official" VALUES(64,18,25,'M');
INSERT INTO "official" VALUES(65,18,36,'T');
INSERT INTO "official" VALUES(66,18,35,'T');
INSERT INTO "official" VALUES(67,19,25,'M');
INSERT INTO "official" VALUES(68,19,33,'T');
INSERT INTO "official" VALUES(69,20,16,'M');
INSERT INTO "official" VALUES(70,20,15,'M');
INSERT INTO "official" VALUES(71,20,32,'M');
INSERT INTO "official" VALUES(72,20,35,'T');
INSERT INTO "official" VALUES(73,21,23,'M');
INSERT INTO "official" VALUES(74,21,7,'M');
INSERT INTO "official" VALUES(75,21,29,'M');
INSERT INTO "official" VALUES(76,21,34,'M');
INSERT INTO "official" VALUES(77,21,36,'T');
INSERT INTO "official" VALUES(78,22,27,'M');
INSERT INTO "official" VALUES(79,22,37,'M');
INSERT INTO "official" VALUES(80,22,35,'T');
INSERT INTO "official" VALUES(81,23,6,'M');
INSERT INTO "official" VALUES(82,23,34,'M');
INSERT INTO "official" VALUES(83,23,8,'M');
INSERT INTO "official" VALUES(84,23,35,'T');
INSERT INTO "official" VALUES(85,23,36,'T');
INSERT INTO "official" VALUES(86,24,34,'M');
INSERT INTO "official" VALUES(87,24,19,'M');
INSERT INTO "official" VALUES(88,24,13,'M');
INSERT INTO "official" VALUES(89,24,36,'T');
INSERT INTO "official" VALUES(90,24,33,'T');
INSERT INTO "official" VALUES(91,25,27,'M');
INSERT INTO "official" VALUES(92,25,25,'M');
INSERT INTO "official" VALUES(93,25,13,'M');
INSERT INTO "official" VALUES(94,25,35,'T');
INSERT INTO "official" VALUES(95,25,36,'T');
INSERT INTO "official" VALUES(96,26,20,'M');
INSERT INTO "official" VALUES(97,26,35,'T');
INSERT INTO "official" VALUES(98,26,36,'T');
INSERT INTO "official" VALUES(99,27,26,'M');
INSERT INTO "official" VALUES(100,27,16,'M');
INSERT INTO "official" VALUES(101,27,8,'M');
INSERT INTO "official" VALUES(102,27,36,'T');
INSERT INTO "official" VALUES(103,27,33,'T');
INSERT INTO "official" VALUES(104,28,27,'M');
INSERT INTO "official" VALUES(105,28,32,'M');
INSERT INTO "official" VALUES(106,28,35,'T');
INSERT INTO "official" VALUES(107,28,36,'T');
INSERT INTO "official" VALUES(108,29,20,'M');
INSERT INTO "official" VALUES(109,29,1,'M');
INSERT INTO "official" VALUES(110,29,33,'T');
INSERT INTO "official" VALUES(111,29,35,'T');
INSERT INTO "official" VALUES(112,30,33,'M');
INSERT INTO "official" VALUES(113,30,36,'T');
INSERT INTO "official" VALUES(114,31,12,'M');
INSERT INTO "official" VALUES(115,31,26,'M');
INSERT INTO "official" VALUES(116,31,33,'T');
INSERT INTO "official" VALUES(117,31,36,'T');
INSERT INTO "official" VALUES(118,32,10,'M');
INSERT INTO "official" VALUES(119,32,32,'M');
INSERT INTO "official" VALUES(120,32,7,'M');
INSERT INTO "official" VALUES(121,32,5,'M');
INSERT INTO "official" VALUES(122,32,36,'T');
INSERT INTO "official" VALUES(123,33,15,'M');
INSERT INTO "official" VALUES(124,33,17,'M');
INSERT INTO "official" VALUES(125,33,33,'M');
INSERT INTO "official" VALUES(126,33,21,'M');
INSERT INTO "official" VALUES(127,33,35,'T');
INSERT INTO "official" VALUES(128,34,23,'M');
INSERT INTO "official" VALUES(129,34,30,'M');
INSERT INTO "official" VALUES(130,34,25,'M');
INSERT INTO "official" VALUES(131,34,35,'T');
INSERT INTO "official" VALUES(132,32,33,'T');
INSERT INTO "official" VALUES(133,32,36,'T');
INSERT INTO "official" VALUES(134,33,25,'M');
INSERT INTO "official" VALUES(135,33,33,'M');
INSERT INTO "official" VALUES(136,33,4,'M');
INSERT INTO "official" VALUES(137,33,28,'M');
INSERT INTO "official" VALUES(138,33,36,'T');
INSERT INTO "official" VALUES(139,34,4,'M');
INSERT INTO "official" VALUES(140,34,8,'M');
INSERT INTO "official" VALUES(141,34,31,'M');
INSERT INTO "official" VALUES(142,34,36,'T');
CREATE TABLE personalbest(
	id INT,
	userid INT,
	courseid INT,
	eventid INT, 
	time INT,
	eventdate TIMESTAMP
);
CREATE INDEX courseidx1 on course(id);
CREATE INDEX eventidx1 on event(id);
CREATE INDEX useridx1 on "user"(id);
CREATE INDEX entryidx1 on entry(id);
CREATE VIEW v_result as select t.id, t.eventid, t.userid, t.scrpts, t.hcppts, t.status, t.time, 
			e.name as eventname, e.seriesid, e.eventdate, e.countsforpb, e.eventoutcome, u.firstname, 
			u.lastname, t.handicap, t.scrpos, t.hcppos
			from entry t join event e on t.eventid=e.id join "user" u on t.userid=u.id;
CREATE VIEW v_timetrial as select event.id, event.eventdate, 
				course.name as coursename, course.coursecode, course.distance, 
				event.name as eventname, coursenotes, event.seriesid  from event join course 
				on event.courseid=course.id order by event.eventdate;
CREATE VIEW v_ttentry as select entry.id, entry.eventid, 
				entry.userid, u.username, u.firstname,
				u.lastname, entry.signondate, entry.signonmethod, entry.handicap 
				from entry join "user" u on entry.userid=u.id;

